nomor_transaksi,tanggal_donasi,nama_donatur,nomor_hp,alamat,jenis_donasi,keterangan,catatan,via,jumlah,deskripsi_barang,perkiraan_nilai_barang,fundraiser
04051,07/01/2025,Tiara Humairah,,"Senaung, Ma.Jambi",Infaq Tidak Terikat,IU UMUM,spp Jan 25,Tunai," Rp 80,000 ",,,MASYHUDA
03960,07/01/2025,Komunitas Pangan Al Latif,81632710598,Talang Bakung,Donasi Logistik/Barang,,beras,Tunai," Rp 650,000 ",BR SEMBAKO," Rp 650,000 ",HENDRA
03961,07/01/2025,dr. Evi Supriadi,81366212677,Mayang Magurai,Infaq Terikat,IK ASRAMA YATIM DHUAFA,,TF BSI 1630," Rp 300,000 ",,,HENDRA
04169,09/01/2025,Temphoyak,,Thehok,Infaq Tidak Terikat,IU UMUM,,Tunai," Rp 50,000 ",,,ADI
04170,09/01/2025,Wong Solo,8116270617,Telanai Pura,Infaq Tidak Terikat,IU UMUM,,Tunai,,,,ADI
04171,09/01/2025,Sambal Lalap,8116270622,Telanai Pura,Infaq Tidak Terikat,IU UMUM,,Tunai," Rp 150,000 ",,,ADI
02387,14/01/2025,Shauma Lailatul Mecca,89627857528,Tambak Sari RT. 09,Infaq Tidak Terikat,IU UMUM,spp Jan 25,Tunai," Rp 60,000 ",,,MERI
01789,22/01/2025,Siswa SD Insan Madani Jambi,,Kebun Handil,Infaq Tidak Terikat,IU UMUM,January 25,Tunai," Rp 1,700,000 ",,,YUNITA
04251,24/01/2025,Karyawan Tritama,85266222727,Kel. Sungai Asam Pasar Jambi,Infaq Tidak Terikat,IU UMUM,,Tunai," Rp 2,250,000 ",,,KANTOR
04253,30/01/2025,Swalayan Buana,,Kel. Legok,Zakat Profesi,,Penghasilan,Tunai," Rp 440,000 ",,,EKA
04503,30/01/2025,dr. Gusti,,Jambi,Infaq Tidak Terikat,IU UMUM,Kencleng,Tunai," Rp 112,500 ",,,SRI
04351,31/01/2025,BSI Pattimura,,Pattimura,Infaq Tidak Terikat,IU UMUM,,TF BSI 1630," Rp 1,000,000 ",,,FUJI
04304,31/01/2025,dr. Ade Pratiwi,81359090534,Pasar,DSKL (Dana Sosial Keagamaan Lainnya),DSKL AQIQAH,,TF BSI 1630," Rp 4,270,000 ",,,ADI
04584,31/01/2025,dr.Gusti ,,Jambi,Infaq Terikat,IK SEMBAKO ASRAMA,,TF BCA 5393," Rp 100,000 ",,,HENDRA
04615,31/01/2025,Miftah Mukarromah,,,Infaq Tidak Terikat,IU UMUM,,TF BSI 1809," Rp 100,000 ",,,ADI
04618,31/01/2025,dr. Gusti,,Jambi,Infaq Tidak Terikat,IU UMUM,,TF BSI 1809," Rp 100,000 ",,,HENDRA
04641,31/01/2025,dr. Dianita,,,Infaq Tidak Terikat,IU UMUM,,TF BSI 6368," Rp 100,000 ",,,HENDRA
04655,31/01/2025,BSI Pattimura,,,Infaq Tidak Terikat,IU UMUM,,TF BSI 1630," Rp 500,000 ",,,FUJI
04662,31/01/2025,Karyawan Insan Madani Jambi,,,Zakat Profesi,,Penghasilan,Tunai," Rp 1,433,789 ",,,KANTOR