﻿via;alamat;jumlah;catatan;nomor_hp;fundraiser;keterangan;jenis_donasi;nama_donatur;tanggal_donasi;nomor_transaksi;deskripsi_barang;perkiraan_nilai_barang
Tunai;Perumnas Kotabaru;750000;;85788747848;JOKO;DSKL FIDYAH;DSKL (Dana Sosial Keagamaan Lainnya);Kamaria;01/07/2025;4502;;
Tunai;Kel. Simpang Rimbo;80000;Jan-25;81366166038;MASYHUDA;IU UMUM;Infaq Tidak Terikat;Putri Yana;1/22/2025;4008;;
TF BSI 1630;Talang Banjar;1000000;Profesi;82178597227;ADI;;Zakat Profesi;IM Oka Mahaendra;1/23/2025;4190;;
Tunai;Kel. Beliung;320000;Jan, Feb, Mar, Apr;8,96E+11;MASYHUDA;IU UMUM;Infaq Tidak Terikat;Mellisa Nur Fadilah;1/24/2025;4014;;
