nomor_transaksi,tanggal_donasi,nama_donatur,nomor_hp,alamat,jenis_donasi,keterangan,catatan,via,jumlah,deskripsi_barang,perkiraan_nilai_barang,fundraiser
03700,03/01/2025,Bapak Suhadi,81274755000,RT. 13 Tangkit,Infaq Terikat,IK ASRAMA YATIM DHUAFA,anak yatim,Tunai," Rp 100,000 ",,,ZULI
04152,03/01/2025,Bapak Arifin Kho,82176568998,Pasir Putih,Infaq Tidak Terikat,IU UMUM,,TF BSI 6573," Rp 100,000 ",,,ADI
04153,03/01/2025,Ibu Akta Purwoyanti,8538485284,Eka Jaya,Infaq Tidak Terikat,IU UMUM,,TF BCA 5393," Rp 100,000 ",,,ADI
04154,03/01/2025,Ibu Rohilah,85368961590,Jambi,Zakat Profesi,,Profesi,TF Mandiri 6777," Rp 100,000 ",,,ADI
04155,03/01/2025,Ibu Halimah,85266011900,Jambi,Infaq Tidak Terikat,IU UMUM,,TF Mandiri 6777," Rp 200,000 ",,,ADI
04156,03/01/2025,Bapak Putra Najuantah,81274664939,Kotabaru,Infaq Tidak Terikat,IU UMUM,,TF BSI 1972," Rp 50,000 ",,,ADI
04157,03/01/2025,Bapak Imam Arifin,85266136599,Purnama,Zakat Profesi,,Penghasilan,TF BCA 5393," Rp 175,000 ",,,ADI
04158,03/01/2025,Ibu Dewi,81274561651,Jambi,Infaq Tidak Terikat,IU UMUM,,TF BSI 1809," Rp 50,000 ",,,ADI
04159,03/01/2025,Ibu Faridah Suryaningsih,85266050013,Alam Barajo,Infaq Tidak Terikat,IU UMUM,,TF BCA 5393," Rp 500,000 ",,,ADI
04160,03/01/2025,Ibu Miftah Mukarromah,82279581413,Pasir Putih,Infaq Tidak Terikat,IU UMUM,,TF BSI 1630," Rp 50,000 ",,,ADI
04161,03/01/2025,Ibu Fahrina Diniyati,81366141999,Thehok,Infaq Terikat,IK ASRAMA YATIM DHUAFA,,TF BSI 1809," Rp 1,000,000 ",,,ADI
04162,03/01/2025,Ibu Isat Rus,,Qatar,Infaq Tidak Terikat,IU UMUM,,TF BSI 6573," Rp 100,000 ",,,ADI
04163,03/01/2025,Ibu Mutia Kartikasari,8127418574,Alam Barajo,Zakat Profesi,,Profesi,TF BSI 6573," Rp 350,000 ",,,ADI
04164,03/01/2025,Ibu Dewi Ariska,82282896580,Kumpeh,Infaq Tidak Terikat,IU UMUM,,TF BSI 1630," Rp 20,000 ",,,ADI
04166,04/01/2025,Ibu Febriani,85377459362,Kumpeh,Infaq Tidak Terikat,IU UMUM,,TF BSI 1630," Rp 200,000 ",,,ADI
04167,06/01/2025,Ibu Tati Maryati,81366198616,Jambi,Infaq Tidak Terikat,IU UMUM,,TF BSI 1809," Rp 100,000 ",,,ADI
04168,07/01/2025,Ibu Teti Heriyani,85368620348,Sipin,Infaq Tidak Terikat,IU UMUM,,TF BSI 1630," Rp 500,000 ",,,ADI
03718,07/01/2025,Ibu Yani,,Simpang III Sipin,Infaq Tidak Terikat,IU UMUM,,TF BSI 1630," Rp 200,000 ",,,TANTI
04502,07/01/2025,Ibu Kamaria,85788747848,Perumnas Kotabaru,40300001 Penerimaan DSKL Fidyah,DSKL FIDYAH,,Tunai," Rp 750,000 ",,,JOKO
03955,07/01/2025,Ibu Gita Kartika,81806886019,Kel. Thehok,Zakat Profesi,,Profesi,TF BCA 5393," Rp 500,000 ",,,HENDRA
03956,07/01/2025,Bapak Deta Wijaya,81351529879,Alam Barajo,Zakat Profesi,,Profesi,TF Mandiri 6777," Rp 516,000 ",,,HENDRA
03957,07/01/2025,Bapak Didiet P,85380638083,Telanai,Zakat Maal,,Maal,TF BCA 5393," Rp 2,000,000 ",,,HENDRA
03958,07/01/2025,Ibu Tanty Harvianty,82371518505,Mayang Magurai,Infaq Tidak Terikat,IU UMUM,,TF Mandiri 6777," Rp 500,000 ",,,HENDRA
03959,07/01/2025,Ibu Cici Lianopita,85266282001,Tanjung Pinang,Infaq Tidak Terikat,IU UMUM,,TF BSI 1630," Rp 300,000 ",,,HENDRA
03962,07/01/2025,Ibu Nurdiyati,81367731569,Pasir Putih,Infaq Tidak Terikat,IU UMUM,,TF Mandiri 6777," Rp 300,000 ",,,HENDRA
04359,08/01/2025,Alm. Bapak M.Yunus,,Marene,Infaq Terikat,IK SANTUNAN ANAK DHUAFA,anak yatim ( Kencleng),Tunai," Rp 200,000 ",,,SRI
04172,09/01/2025,Ibu Vico Delvia,81319322385,Telanai Pura,Infaq Tidak Terikat,IU UMUM,,TF Muamalat 1472," Rp 327,380 ",,,ADI
04360,09/01/2025,Ibu Tri Firandari,,Jambi,Infaq Tidak Terikat,IU UMUM,,TF Mandiri 6777," Rp 100,000 ",,,FUJI
04361,09/01/2025,Bapak KMS Muhammad Syafi'i,,Jambi,Infaq Terikat,IK ASRAMA YATIM DHUAFA,,TF BSI 6368," Rp 150,000 ",,,FUJI
04362,09/01/2025,Bapak Wisnu,,Jambi,Infaq Tidak Terikat,IU UMUM,,TF BCA 5393," Rp 50,000 ",,,FUJI
04363,09/01/2025,Ibu Desi Aditya Ias,,Jerambah Bolong,Infaq Tidak Terikat,IU UMUM,,TF BSI 6368," Rp 50,000 ",,,SRI
04364,09/01/2025,Ibu Desi Aditya Ias,,Jerambah Bolong,Infaq Tidak Terikat,IU UMUM,,TF BSI 6368," Rp 50,000 ",,,SRI
04365,09/01/2025,Ibu Desi Aditya Ias,,Jerambah Bolong,Infaq Tidak Terikat,IU UMUM,,TF BSI 6368," Rp 50,000 ",,,SRI
03720,10/01/2025,Bapak Suhadi,,RT. Tangkit,Infaq Terikat,IK SANTUNAN ANAK DHUAFA,anak yatim,Tunai," Rp 100,000 ",,,ZULI
04547,10/01/2025,Ibu Kartika Mustofa ,,,DSKL (Dana Sosial Keagamaan Lainnya),DSKL NAZAR,Nazar,TF BSI 1630," Rp 3,200,000 ",,,MIRDA
04052,10/01/2025,Ibu Nur Hasanah,,Riau,Infaq Tidak Terikat,IU UMUM,spp jan- mei 25,Tunai," Rp 400,000 ",,,MASYHUDA
04053,10/01/2025,Ibu Cindy Claudia,,Ma. Jambi,Infaq Tidak Terikat,IU UMUM,spp Jan 25,Tunai," Rp 80,000 ",,,MASYHUDA
04054,10/01/2025,Ibu Nur Syifa,,Tanjab Timur,Infaq Tidak Terikat,IU UMUM,spp jan- mar 25,Tunai," Rp 240,000 ",,,MASYHUDA
04055,10/01/2025,Ibu Tiara Humairoh,,"Senaung, Ma. Jambi",Infaq Tidak Terikat,IU UMUM,"spp Feb, Mar 25",Tunai," Rp 160,000 ",,,MASYHUDA
04056,10/01/2025,Ibu Silva,,"Sengeti, Ma. Jambi",Infaq Tidak Terikat,IU UMUM,spp jan - mar 25,Tunai," Rp 240,000 ",,,MASYHUDA
04057,10/01/2025,Ibu Inggrit Okta Bella,,Paal Merah,Infaq Tidak Terikat,IU UMUM,Kontibusi Des 24,Tunai," Rp 37,500 ",,,MASYHUDA
04058,10/01/2025,Ibu Gusriana,,Ma. Bulian,Infaq Tidak Terikat,IU UMUM,spp jan - mar 25,Tunai," Rp 240,000 ",,,MASYHUDA
03719,10/01/2025,Ibu Widya Fuji Astuti,82177720711,Arizona,Zakat Profesi,,Penghasilan,TF Mandiri 6777," Rp 120,000 ",,,ZULI
03626,10/01/2025,Ibu Dinda Latifa,82196616606,Jambi,Infaq Tidak Terikat,IU UMUM,spp Des 24,Tunai," Rp 500,000 ",,,TANTI
03627,10/01/2025,Ibu Nifa,82371424474,Jambi,Infaq Tidak Terikat,IU UMUM,,Tunai," Rp 45,000 ",,,TANTI
03628,10/01/2025,Ibu Nurkholifah,85377828740,Jambi,Infaq Tidak Terikat,IU UMUM,,Tunai," Rp 500,000 ",,,TANTI
03629,10/01/2025,Ibu Fatimah,85266671702,Jambi,Infaq Tidak Terikat,IU UMUM,,Tunai," Rp 5,000 ",,,TANTI
03630,10/01/2025,Ibu Rizka Lova,85230632385,Kota Jambi,Infaq Tidak Terikat,IU UMUM,,Tunai," Rp 150,000 ",,,TANTI
03631,10/01/2025,Ibu Az Zahra,85357664425,Kota Jambi,Infaq Tidak Terikat,IU UMUM,,Tunai," Rp 65,000 ",,,TANTI
03632,10/01/2025,Ibu Sakinah,82269917412,Kota Jambi,Infaq Tidak Terikat,IU UMUM,,Tunai," Rp 100,000 ",,,TANTI
03633,10/01/2025,Ibu Keyla Khairunnisa,81279967158,Kota Jambi,Infaq Tidak Terikat,IU UMUM,,Tunai," Rp 115,000 ",,,TANTI
03634,10/01/2025,Ibu Salsabilah,82376365967,Jambi,Infaq Tidak Terikat,IU UMUM,,Tunai," Rp 100,000 ",,,TANTI
04366,10/01/2025,Ibu Sevi Sawestri,,Palembang,Zakat Profesi,,Penghasilan,TF BSI 6573," Rp 300,000 ",,,SRI
04367,10/01/2025,Bapak Riki,,Palembang,Zakat Profesi,,Penghasilan,TF BSI 6573," Rp 150,000 ",,,SRI
04368,10/01/2025,Bapak Gatot,,Jakarta,Infaq Tidak Terikat,IU UMUM,,TF BSI 6573," Rp 100,000 ",,,SRI
04369,10/01/2025,Bapak Suratman,,Jambi,Infaq Tidak Terikat,IU UMUM,,TF BSI 6573," Rp 100,000 ",,,SRI
03875,13/01/2025,Bapak Sabli,,Paal Merah,Infaq Terikat,IK SANTUNAN ANAK DHUAFA,anak yatim,Tunai," Rp 335,000 ",,,HENDRA
04173,13/01/2025,Ibu Fitri,85144387510,Simpang Kawat,Donasi Logistik/Barang,,Nasi 30 box,Tunai," Rp 300,000 ",BR NASI/MAKANAN," Rp 300,000 ",ADI
04174,13/01/2025,Ibu Fitri,,Simpang Kawat,Donasi Logistik/Barang,,Kue 100 pcs,Tunai," Rp 100,000 ",BR KUE," Rp 100,000 ",ADI
04175,13/01/2025,Bapak Surya Atma,81274041881,Pasir Putih,Zakat Profesi,,Profesi,TF BSI 1809," Rp 2,500,000 ",,,ADI
,13/01/2025,Bapak Surya Atma,,,Infaq Tidak Terikat,IU UMUM,,TF BSI 1809," Rp 1,000,000 ",,,ADI
04176,13/01/2025,Ibu Nurmala,81217908844,Bakung Jaya,Infaq Tidak Terikat,IU UMUM,,TF BCA 5393," Rp 50,000 ",,,ADI
04177,13/01/2025,Ibu Astuti Prihatinigsih,81366792466,Ma. Tebo,Infaq Tidak Terikat,IU UMUM,,TF BSI 6573," Rp 100,000 ",,,ADI
04178,13/01/2025,Bapak Rudianto,85145045017,Kalimantan Barat,Infaq Tidak Terikat,IU UMUM,,TF BSI 1809," Rp 100,000 ",,,ADI
04179,13/01/2025,Bapak Maryadi,85228452282,Jambi,Infaq Tidak Terikat,IU UMUM,,TF BCA 5393," Rp 100,000 ",,,ADI
04180,13/01/2025,Ibu Vera,81274778588,Jambi,Infaq Tidak Terikat,IU UMUM,,TF BSI 1809," Rp 50,000 ",,,ADI
04181,13/01/2025,Bapak Arifin Kho,82176568998,Pasir Putih,Infaq Tidak Terikat,IU UMUM,,TF BSI 6573," Rp 100,000 ",,,ADI
04182,13/01/2025,Bapak Kukuh Matsaul Sabib,82280862141,Bayung Lincir,Infaq Tidak Terikat,IU UMUM,,TF BSI 1809," Rp 50,000 ",,,ADI
04183,13/01/2025,Ibu Faridah Suryaningsih,85266050013,Alam Barajo,Infaq Tidak Terikat,IU UMUM,,TF BCA 5393," Rp 500,000 ",,,ADI
04184,13/01/2025,Ibu Failasofah,8122413132,Jambi,Zakat Profesi,,Profesi,TF BSI 1809," Rp 500,000 ",,,ADI
04185,13/01/2025,Ibu Winda Nofriana,85266401021,Seberang,Donasi Logistik/Barang,,Beras 10 kg,Tunai," Rp 140,000 ",BR SEMBAKO," Rp 140,000 ",ADI
04186,13/01/2025,Ibu Anita,82183313598,Mendahara,Infaq Terikat,IK ASRAMA YATIM DHUAFA,asrama,TF BSI 1809," Rp 100,000 ",,,ADI
04187,13/01/2025,Ibu Mildaerizanti,82325392787,Kotabaru,Zakat Profesi,,Profesi,TF BSI 1630," Rp 150,000 ",,,ADI
,13/01/2025,Ibu Mildaerizanti,,,Infaq Tidak Terikat,IU UMUM,,TF BSI 1630," Rp 50,000 ",,,ADI
04188,13/01/2025,Ibu Dewi Ariska,82282896580,Kumpeh,Infaq Tidak Terikat,IU UMUM,,TF BSI 1630," Rp 20,000 ",,,ADI
04189,13/01/2025,Ibu Dwi Utaminigsih,85266784965,Kenali Atas,Zakat Profesi,,Penghasilan,TF BSI 1630," Rp 200,000 ",,,ADI
03876,13/01/2025,Bapak Tawaf Ali,82375554999,Kampung Bugis,Infaq Tidak Terikat,IU UMUM,,TF BCA 5393," Rp 200,000 ",,,MIRA
02388,14/01/2025,Ibu Eka Wahyuni,85281600323,Talang Bakung,Zakat Profesi,,Penghasilan,TF BSI 6368," Rp 1,000,000 ",,,MERI
02389,14/01/2025,Bapak Devano,82377507036,Tambak Sari RT. 09,Infaq Tidak Terikat,IU UMUM,spp Jan 25,Tunai," Rp 60,000 ",,,MERI
03635,14/01/2025,Ibu Keyla,,Jambi,Infaq Tidak Terikat,IU UMUM,,Tunai," Rp 50,000 ",,,TANTI
03636,14/01/2025,Ibu Nada Claudia Clara,87780500924,Simp III Sipin,Infaq Terikat,IK BERBUKA,asrama,TF Mandiri 6777," Rp 150,000 ",,,TANTI
03637,14/01/2025,Ibu Yosi Ulfasanah,82281817849,Tempino,Infaq Tidak Terikat,IU UMUM,,TF BSI 1809," Rp 150,000 ",,,TANTI
03638,14/01/2025,Ibu Rahma,85266922754,Simp. Rimbo,Donasi Logistik/Barang,,nasi 80 kotak,Tunai," Rp 1,760,000 ",BR NASI/MAKANAN," Rp 1,760,000 ",TANTI
04370,14/01/2025,Ibu Esther Lidya,,Jambi,Donasi Logistik/Barang,,Mie  gulung 3 dus dan Kecap 12 btl,Tunai," Rp 255,000 ",BR SEMBAKO," Rp 255,000 ",JOKO
04371,14/01/2025,Ibu Esther Lidya,,,Donasi Logistik/Barang,,Beras 3 kartu 20 kg,Tunai," Rp 300,000 ",BR SEMBAKO," Rp 300,000 ",JOKO
04372,14/01/2025,Bapak Rully Ramadona,,Paal V,Zakat Maal,,Maal,TF BSI 6368," Rp 500,000 ",,,SRI
04059,15/01/2025,Ibu Iqlima M,,Ma. Jambi,Infaq Tidak Terikat,IU UMUM,spp Jan 25,Tunai," Rp 80,000 ",,,MASYHUDA
04542,21/01/2025,Ibu Wildawati,,Nusa Indah II,Infaq Tidak Terikat,IU UMUM,,Tunai," Rp 100,000 ",,,MASYHUDA
04060,22/01/2025,Ibu Zahara Zaskia,,Legok,Infaq Tidak Terikat,IU UMUM,SPP Jan 25,Tunai," Rp 80,000 ",,,MASYHUDA
04001,22/01/2025,Ibu Jelita Fitriani,823799291988,Kel. Aur Kenali,Infaq Tidak Terikat,IU UMUM,Jan 25,Tunai," Rp 80,000 ",,,MASYHUDA
04002,22/01/2025,Ibu Nur Jelita Hanum Siregar,82279856556,Desa Sidomulyo,Infaq Tidak Terikat,IU UMUM,Jan 25,Tunai," Rp 80,000 ",,,MASYHUDA
04003,22/01/2025,Ibu Sindi Amelia,83194181272,Desa Pulau Betung,Infaq Tidak Terikat,IU UMUM,Jan 25,Tunai," Rp 80,000 ",,,MASYHUDA
04004,22/01/2025,Ibu Seva Novrianti,82162305462,Desa Tunas Baru,Infaq Tidak Terikat,IU UMUM,Jan 25,Tunai," Rp 80,000 ",,,MASYHUDA
04005,22/01/2025,Ibu Nurlatifah,83850366360,Kel. Sengeti,Infaq Tidak Terikat,IU UMUM,Jan 25,Tunai," Rp 80,000 ",,,MASYHUDA
04006,22/01/2025,Ibu Khairun Najwa,88286348678,Kel. Bagan Pete,Infaq Tidak Terikat,IU UMUM,Feb 25,Tunai," Rp 800,000 ",,,MASYHUDA
04007,22/01/2025,Ibu Syahira Syaffanni,82211249259,Kel. Aur Kenali,Infaq Tidak Terikat,IU UMUM,Jan 25,Tunai," Rp 80,000 ",,,MASYHUDA
04008,22/01/2025,Ibu Putri Yana,81366166038,Kel. Simpang Rimbo,Infaq Tidak Terikat,IU UMUM,Jan 25,Tunai," Rp 80,000 ",,,MASYHUDA
04009,22/01/2025,Ibu Faras Novia,81366166038,Kel. Simpang Rimbo,Infaq Tidak Terikat,IU UMUM,Jan 25,Tunai," Rp 80,000 ",,,MASYHUDA
04010,22/01/2025,Ibu Zazkia Bunga,89614144199,Kel. Rawasari,Infaq Tidak Terikat,IU UMUM,Jan 25,Tunai," Rp 80,000 ",,,MASYHUDA
04011,22/01/2025,Ibu Aira Rahmadani,82288236762,Kel. Nipah Panjang,Infaq Tidak Terikat,IU UMUM,Jan 25,Tunai," Rp 80,000 ",,,MASYHUDA
04012,22/01/2025,Ibu Vuan Zendranaya Mirzan,81219236564,Aurduri,Infaq Tidak Terikat,IU UMUM,"Jan, Feb, dan Maret",Tunai," Rp 240,000 ",,,MASYHUDA
04548,22/01/2025,Ibu Vuan Zendranaya Mirzan,81219236564,Kel. Aur Kenali,Infaq Tidak Terikat,IU UMUM,Jan 25,Tunai," Rp 100,000 ",,,MASYHUDA
04549,22/01/2025,Ibu Jesika Hajah Pramuja,82214697411,Simpang Rimbo,Infaq Tidak Terikat,IU UMUM,Jan 25,Tunai," Rp 80,000 ",,,MASYHUDA
04550,22/01/2025,Ibu A. Citra Nike Asmara,82170742641,Aur Kenali,Infaq Tidak Terikat,IU UMUM,Jan 25,Tunai," Rp 80,000 ",,,MASYHUDA
04190,23/01/2025,Bapak IM Oka Mahaendra,82178597227,Talang Banjar,Zakat Profesi,,Profesi,TF BSI 1630," Rp 1,000,000 ",,,ADI
04191,23/01/2025,Bapak Arifin Kho,82176568998,Pasir Putih,Infaq Tidak Terikat,IU UMUM,,TF BSI 6573," Rp 100,000 ",,,ADI
04192,23/01/2025,Ibu Dian Malida Ramadhani,81274505075,Kenali Atas,Infaq Tidak Terikat,IU UMUM,,TF BSI 1809," Rp 50,000 ",,,SRI
04193,23/01/2025,Ibu Faridah Suryaningsih,85266050013,Alam Barajo,Infaq Tidak Terikat,IU UMUM,,TF BCA 5393," Rp 500,000 ",,,ADI
04194,23/01/2025,Ibu Halimah,85266011900,Jambi,Infaq Tidak Terikat,IU UMUM,,TF Mandiri 6777," Rp 100,000 ",,,ADI
04195,23/01/2025,Ibu Suci Rahmani Nurita,81273390158,Alam Barajo,Zakat Profesi,,Profesi,TF BSI 6573," Rp 80,000 ",,,ADI
04196,23/01/2025,Ibu Dewi Ariska,82282896580,Kumpeh,Infaq Tidak Terikat,IU UMUM,,TF BSI 1630," Rp 20,000 ",,,ADI
04197,23/01/2025,Ibu Emilda Rezka,85378570472,Bungo,Zakat Profesi,,Profesi,TF BSI 1630," Rp 275,000 ",,,ADI
04198,23/01/2025,Ibu Miftah Mukarromah,82279581413,Pasir Putih,Infaq Tidak Terikat,IU UMUM,,TF BSI 1809," Rp 50,000 ",,,ADI
04199,23/01/2025,Ibu Mentari,82376357734,Simpang Kawat,Zakat Profesi,,Profesi,TF BSI 6368," Rp 100,000 ",,,ADI
04200,23/01/2025,Ibu Miftah Mukarromah,82279581413,Pasir Putih,Infaq Tidak Terikat,IU UMUM,,TF BSI 1809," Rp 100,000 ",,,ADI
04383,23/01/2025,Ibu Mintarsih,85266065545,Jambi,Zakat Profesi,,Penghasilan,TF BCA 5393," Rp 300,000 ",,,SRI
04302,23/01/2025,Ibu Fitri,85144387510,Paal V,Donasi Logistik/Barang,,Kue 200 pcs,Tunai," Rp 200,000 ",BR KUE," Rp 200,000 ",ADI
04051,23/01/2025,Ibu Sakinah,82269917412,Kota Jambi,Infaq Tidak Terikat,IU UMUM,Kontribusi,Tunai," Rp 50,000 ",,,TANTI
04052,23/01/2025,Ibu Kartika,83117682383,Kota Jambi,Infaq Tidak Terikat,IU UMUM,Kontribusi,Tunai," Rp 50,000 ",,,TANTI
04053,23/01/2025,Ibu Nurul Adzkia,89602808285,Kota Jambi,Infaq Tidak Terikat,IU UMUM,Kontribusi,Tunai," Rp 50,000 ",,,TANTI
03639,23/01/2025,Ibu Nur Hatifah,82231810695,Kota Jambi,Infaq Tidak Terikat,IU UMUM,Kontribusi,Tunai," Rp 50,000 ",,,TANTI
03640,23/01/2025,Ibu Agustina Febri,83178500281,Kota Jambi,Infaq Tidak Terikat,IU UMUM,Spp Ok 24,Tunai," Rp 700,000 ",,,TANTI
03641,23/01/2025,Ibu Dinda Latifa,82196616606,Kota Jambi,Infaq Tidak Terikat,IU UMUM,spp Jan 25,Tunai," Rp 500,000 ",,,TANTI
03642,23/01/2025,Ibu Dwi Najwa,,Kota Jambi,Infaq Tidak Terikat,IU UMUM,Kontribusi,Tunai," Rp 50,000 ",,,TANTI
03643,23/01/2025,Ibu Nurul Adzkia,89602808285,Kota Jambi,Infaq Tidak Terikat,IU UMUM,spp Jan 25,Tunai," Rp 600,000 ",,,TANTI
04543,24/01/2025,Ibu Sindy Amelia,,Pemayung,Infaq Tidak Terikat,IU UMUM,"spp Feb, Mar, Apr 25",Tunai," Rp 240,000 ",,,MASYHUDA
04013,24/01/2025,Ibu Zakyah Hidayh Harahap,85267015861,Kel. Aur Kenali,Infaq Tidak Terikat,IU UMUM,Jan 25,Tunai," Rp 80,000 ",,,MASYHUDA
04014,24/01/2025,Ibu Mellisa Nur Fadilah,895622204688,Kel. Beliung,Infaq Tidak Terikat,IU UMUM,"Jan, Feb, Mar, Apr",Tunai," Rp 320,000 ",,,MASYHUDA
04015,24/01/2025,Ibu Jelita Fitriani,82379291988,Kel. Aur Kenali,Infaq Tidak Terikat,IU UMUM,"Feb, Mar 25",Tunai," Rp 160,000 ",,,MASYHUDA
04252,24/01/2025,Bapak Suhadi,81274755000,RT. 13 Tangkit,Infaq Terikat,IK SANTUNAN ANAK DHUAFA,anak yatim,Tunai," Rp 100,000 ",,,ZULI
03882,24/01/2025,Bapak Suhadi,,,Infaq Terikat,IK SANTUNAN ANAK DHUAFA,anak yatim,Tunai," Rp 100,000 ",,,ZULI
02390,30/01/2025,Ibu Shanum Adzra Nurhadi,8231527717,Jelutung,Infaq Tidak Terikat,IU UMUM,SPP Jan 25,Tunai," Rp 60,000 ",,,MERI
02391,30/01/2025,Bapak Aqmar Nadhif Yusuf,89628434731,Tambak Sari,Infaq Tidak Terikat,IU UMUM,SPP Jan 25,Tunai," Rp 60,000 ",,,MERI
04505,30/01/2025,Ibu Fadlawati,,Jambi,Infaq Tidak Terikat,IU UMUM,Kencleng,Tunai," Rp 69,600 ",,,SRI
04504,30/01/2025,Bapak Apri,,Jambi,Infaq Tidak Terikat,IU UMUM,Kencleng,Tunai," Rp 90,000 ",,,SRI
04544,31/01/2025,Ibu Keyla Azzahra,,Terusan,Infaq Tidak Terikat,IU UMUM,SPP Jan 25,Tunai," Rp 80,000 ",,,MASYHUDA
04016,31/01/2025,Bapak Ilham,85184523938,Kenali Besar,Donasi Logistik/Barang,,Nasi 55 bks,Tunai," Rp 660,000 ",BR NASI/MAKANAN," Rp 660,000 ",MASYHUDA
04017,31/01/2025,Ibu Dwi Nanda Aprilia,89669007836,Desa Muaro Pijoan,Infaq Tidak Terikat,IU UMUM,"spp jan, feb, mar",Tunai," Rp 240,000 ",,,MASYHUDA
04018,31/01/2025,Ibu Wilda,,Desa Kedotan,Infaq Tidak Terikat,IU UMUM,spp jan 25,Tunai," Rp 80,000 ",,,MASYHUDA
04352,31/01/2025,Bapak Rendy Dwi Sapta,,,Infaq Tidak Terikat,IU UMUM,,TF Mandiri 6777," Rp 100,000 ",,,FUJI
04353,31/01/2025,Ibu Anna Fitrina,,,Infaq Tidak Terikat,IU UMUM,,TF BSI 6573," Rp 200,000 ",,,KANTOR
04354,31/01/2025,Ibu Rusmiati,85279170568,,Zakat Profesi,,Penghasilan,TF BCA 5393," Rp 400,000 ",,,ZULI
04355,31/01/2025,Bapak Suhadi,81274755000,RT. 13 Desa Tangkit,Infaq Terikat,IK SANTUNAN ANAK DHUAFA,anak yatim,Tunai," Rp 100,000 ",,,ZULI
04305,31/01/2025,Ibu Fatimah Lubis,8127442553,Mendalo,Infaq Tidak Terikat,IU UMUM,,TF BSI 1630," Rp 100,000 ",,,ADI
04306,31/01/2025,Ibu Dewi Ariska,82282896580,Kumpeh,Infaq Tidak Terikat,IU UMUM,,TF BSI 1630," Rp 20,000 ",,,ADI
04307,31/01/2025,Ibu Akta Purwoyanti,85384785284,Eka Jaya,Infaq Terikat,IK ASRAMA YATIM DHUAFA,asrama,TF BCA 5393," Rp 50,000 ",,,ADI
04308,31/01/2025,Ibu Faridah Suryaningsih,81386275648,Alam Barajo,Infaq Tidak Terikat,IU UMUM,,TF BCA 5393," Rp 500,000 ",,,ADI
04509,31/01/2025,Ibu Halimah,85266011900,Jambi,Infaq Tidak Terikat,IU UMUM,,TF Mandiri 6777," Rp 100,000 ",,,ADI
04310,31/01/2025,Ibu Miftah Mukarromah,82279581413,Pasir Putih,Infaq Tidak Terikat,IU UMUM,,TF BSI 6368," Rp 100,000 ",,,ADI
04311,31/01/2025,Ibu Rini Marlina,85368739555,Paal Merah,Infaq Tidak Terikat,IU UMUM,,TF BSI 6368," Rp 50,000 ",,,ADI
04312,31/01/2025,Ibu Siti Ropiah,81210296662,Thehok,Infaq Tidak Terikat,IU UMUM,,TF BSI 6573," Rp 50,000 ",,,ADI
04313,31/01/2025,Ibu Tati Maryati,81366198616,Jambi,Infaq Tidak Terikat,IU UMUM,,TF BSI 6368," Rp 50,000 ",,,ADI
04314,31/01/2025,Ibu Nani Elyani,85266969614,Jambi,Infaq Tidak Terikat,IU UMUM,,TF BSI 1809," Rp 50,000 ",,,ADI
04315,31/01/2025,Ibu Teti Heriyani,85368620348,Sipin,Infaq Tidak Terikat,IU UMUM,,TF BSI 1809," Rp 100,000 ",,,ADI
04316,31/01/2025,Ibu Faridah Suryaningsih,81386275648,Alam Barajo,Infaq Tidak Terikat,IU UMUM,,TF BCA 5393," Rp 500,000 ",,,ADI
04317,31/01/2025,Ibu Dewi Ariska,82282896580,Kumpeh,Infaq Tidak Terikat,IU UMUM,,TF BSI 1630," Rp 20,000 ",,,ADI
04318,31/01/2025,Ibu Miftah Mukarromah,82279581413,Pasir Putih,Infaq Tidak Terikat,IU UMUM,,TF BSI 1809," Rp 100,000 ",,,ADI
04319,31/01/2025,Bapak Machul,82180115050,Bakung Jaya,Infaq Tidak Terikat,IU UMUM,,TF BSI 1809," Rp 500,000 ",,,ADI
04320,31/01/2025,Bapak M. Ali Mustika,82380400575,Ma. Jambi,Infaq Tidak Terikat,IU UMUM,,TF BSI 1809," Rp 200,000 ",,,ADI
04321,31/01/2025,Ibu Anne Nofriani,81361351910,Thehok,Infaq Tidak Terikat,IU UMUM,,TF BSI 1809," Rp 50,000 ",,,ADI
04322,31/01/2025,Ibu Sahara Ariani,82176610603,Palembang,Zakat Profesi,,Penghasilan Januari,TF BSI 6368," Rp 212,000 ",,,ADI
04385,31/01/2025,Bapak Gatot,81215172265,Jakarta,Infaq Tidak Terikat,IU UMUM,,TF BSI 6573," Rp 100,000 ",,,SRI
04386,31/01/2025,Bapak Edi Maryanto,81276628821,Jambi,Infaq Tidak Terikat,IU UMUM,,TF BSI 6573," Rp 100,000 ",,,SRI
04387,31/01/2025,Ibu Basnimar,81276996300,Jambi,Infaq Tidak Terikat,IU UMUM,,TF BSI 6573," Rp 100,000 ",,,SRI
04388,31/01/2025,Ibu Gemala Anggraini,,Jambi,Infaq Tidak Terikat,IU UMUM,,TF BSI 6573," Rp 300,000 ",,,EKA
04389,31/01/2025,Bapak Dofi Johansa,8117453482,Jambi,Zakat Profesi,,Penghasilan,TF BSI 6573," Rp 440,000 ",,,HENDRA
04390,31/01/2025,Ibu Imas Ertati,895621701916,Jambi,Infaq Tidak Terikat,IU UMUM,,TF BSI 6573," Rp 100,000 ",,,HENDRA
04391,31/01/2025,Ibu Nurmala,81217908844,Jambi,Infaq Tidak Terikat,IU UMUM,,TF BSI 6573," Rp 50,000 ",,,ADI
04392,31/01/2025,Ibu Juwita Siregar,,Jambi,Infaq Tidak Terikat,IU UMUM,,TF BSI 6573," Rp 100,000 ",,,KANTOR
04393,31/01/2025,Bapak Hamdi,,Jambi,Infaq Tidak Terikat,IU UMUM,,TF BSI 6573," Rp 100,000 ",,,EKA
04394,31/01/2025,Ibu Esther Lidya,,Jambi,Infaq Terikat,IK JUMAT BERKAH,,TF BSI 6573," Rp 100,000 ",,,JOKO
04395,31/01/2025,Bapak Ahmad Dobig,,Palembang,Infaq Tidak Terikat,IU UMUM,,TF BSI 6573," Rp 100,000 ",,,HENDRA
04396,31/01/2025,Ibu Suci Anaanda,,Jambi,Infaq Tidak Terikat,IU UMUM,,TF BSI 6573," Rp 200,000 ",,,SRI
04397,31/01/2025,Bapak Abdul Qudus,,Jambi,Infaq Tidak Terikat,IU UMUM,,TF BSI 6573," Rp 25,000 ",,,JOKO
04398,31/01/2025,Ibu Ozela Rizkia Monita,,Jambi,Infaq Tidak Terikat,IU UMUM,,TF BSI 6573," Rp 100,000 ",,,KANTOR
04399,31/01/2025,Ibu Siti Ropiah,,Jambi,Infaq Terikat,IK PENGHAFAL QURAN,asrama,TF BSI 6573," Rp 100,000 ",,,ADI
04400,31/01/2025,Ibu Meily Ika Permata,,Jambi,Infaq Terikat,IK PENGHAFAL QURAN,asrama,TF BSI 6573," Rp 100,000 ",,,HENDRA
04510,31/01/2025,Ibu Ade Inka,,Ma. Jambi,Infaq Tidak Terikat,IU UMUM,,TF BSI 6573," Rp 100,000 ",,,TANTI
04511,31/01/2025,Bapak Heru Kuswara,,Jambi,Infaq Tidak Terikat,IU UMUM,,TF BSI 6573," Rp 100,000 ",,,ADI
04512,31/01/2025,Bapak Aririk Japik,,Jambi,Infaq Tidak Terikat,IU UMUM,,TF BSI 6573," Rp 100,000 ",,,JOKO
04513,31/01/2025,Ibu Haryati,,,Infaq Tidak Terikat,IU UMUM,,TF BSI 6573," Rp 30,000 ",,,KANTOR
04514,31/01/2025,Ibu Haryati,,,Infaq Tidak Terikat,IU UMUM,,TF BSI 6573," Rp 15,000 ",,,KANTOR
04515,31/01/2025,Bapak Hasbi,,,Infaq Tidak Terikat,IU UMUM,,TF BSI 6573," Rp 150,000 ",,,KANTOR
04516,31/01/2025,Bapak Ahmad Zaidan,,,Infaq Tidak Terikat,IU UMUM,,TF BSI 6573," Rp 100,000 ",,,EKA
04517,31/01/2025,Bapak Apriadi,,,Infaq Tidak Terikat,IU UMUM,,TF BSI 6573," Rp 50,000 ",,,ADI
04518,31/01/2025,Bapak Tono Danat,,,Infaq Tidak Terikat,IU UMUM,,TF BSI 6573," Rp 100,000 ",,,ADI
04519,31/01/2025,Ibu Haryati,,,Infaq Tidak Terikat,IU UMUM,,TF BSI 6573," Rp 15,000 ",,,KANTOR
04520,31/01/2025,Bapak Wagiso,,,Zakat Profesi,,Profesi,TF BSI 6573," Rp 500,000 ",,,HENDRA
04521,31/01/2025,Bapak Badarudding,,,Infaq Tidak Terikat,IU UMUM,,TF BSI 6573," Rp 150,000 ",,,HENDRA
04522,31/01/2025,Bapak Cakra Bravo Satyaneg,,,Infaq Tidak Terikat,IU UMUM,,TF BSI 6573," Rp 250,000 ",,,KANTOR
04523,31/01/2025,Bapak Gatot,,,Infaq Tidak Terikat,IU UMUM,,TF BSI 6573," Rp 100,000 ",,,SRI
04524,31/01/2025,Ibu Wulandari Helmarina,,,Infaq Tidak Terikat,IU UMUM,,TF BSI 6573," Rp 50,000 ",,,KANTOR
04525,31/01/2025,Bapak Harsya Wardhana,,,Infaq Tidak Terikat,IU UMUM,,TF BSI 6573," Rp 100,000 ",,,KANTOR
04526,31/01/2025,Ibu Esther Lidya,,,Infaq Terikat,IK JUMAT BERKAH,,TF BSI 6573," Rp 100,000 ",,,JOKO
04527,31/01/2025,Bapak Apriadi,,,Infaq Tidak Terikat,IU UMUM,,TF BSI 6573," Rp 50,000 ",,,ADI
04528,31/01/2025,Ibu Nuryani,,,Infaq Tidak Terikat,IU UMUM,,TF BSI 6573," Rp 65,000 ",,,KANTOR
04529,31/01/2025,Ibu Mufidah,,,Infaq Terikat,IK SANTUNAN ANAK DHUAFA,anak yatim,TF BSI 6573," Rp 50,000 ",,,ADI
04530,31/01/2025,Ibu Reisa Vataya Nazar,,,Infaq Tidak Terikat,IU UMUM,,TF BSI 6573," Rp 100,000 ",,,KANTOR
04531,31/01/2025,Ibu Desmarini,,,Infaq Terikat,IK PENGHAFAL QURAN,asrama,TF BSI 6573," Rp 150,000 ",,,SRI
04532,31/01/2025,Ibu Basnimar,,,Infaq Tidak Terikat,IU UMUM,,TF BSI 6573," Rp 50,000 ",,,SRI
04533,31/01/2025,Ibu Esther Lidya,,,Infaq Terikat,IK ASRAMA YATIM DHUAFA,beli buah,TF BSI 6573," Rp 50,000 ",,,JOKO
04534,31/01/2025,Bapak Ariadi,,,Infaq Tidak Terikat,IU UMUM,,TF BSI 6573," Rp 50,000 ",,,ADI
04535,31/01/2025,Bapak Arifin Kho,,,Infaq Terikat,IK JUMAT BERKAH,,TF BSI 6573," Rp 100,000 ",,,ADI
04536,31/01/2025,Bapak Gatot,,,Infaq Tidak Terikat,IU UMUM,,TF BSI 6573," Rp 100,000 ",,,SRI
04538,31/01/2025,Bapak Gatot,,,Infaq Tidak Terikat,IU UMUM,,TF BSI 6573," Rp 100,000 ",,,SRI
04539,31/01/2025,Ibu Ressa Keke Widiyanti,,,Infaq Tidak Terikat,IU UMUM,,TF BSI 6573," Rp 50,000 ",,,KANTOR
04540,31/01/2025,Ibu Muliana,,,Infaq Tidak Terikat,IU UMUM,,TF BSI 6573," Rp 100,000 ",,,KANTOR
04541,31/01/2025,Ibu Nadia Mayang Sari,,,Infaq Tidak Terikat,IU UMUM,,TF BSI 6573," Rp 50,000 ",,,TANTI
04542,31/01/2025,Ibu Desi Aditya Ias,,Jerambah Bolong,Infaq Tidak Terikat,IU UMUM,,TF Muamalat 7496," Rp 100,000 ",,,SRI
04543,31/01/2025,Ibu DR. Hj. Dini Silvia,,,Zakat Profesi,,Penghasilan,TF Muamalat 7496," Rp 250,000 ",,,KANTOR
04544,31/01/2025,Bapak Edy Putra Irawady,,Jambi,Infaq Tidak Terikat,IU UMUM,,TF Mandiri 6777," Rp 100,000 ",,,KANTOR
04545,31/01/2025,Ibu Tiara Kirana Gita,,Jambi,Infaq Tidak Terikat,IU UMUM,,TF Mandiri 6777," Rp 150,000 ",,,FUJI
04546,31/01/2025,Bapak Tegu Ramdhani,,Jambi,Infaq Tidak Terikat,IU UMUM,,TF Mandiri 6777," Rp 100,000 ",,,SRI
04547,31/01/2025,Ibu Syartila Dewi Syam,,Jambi,Infaq Terikat,IK JUMAT BERKAH,,TF Mandiri 6777," Rp 200,000 ",,,SRI
04548,31/01/2025,Ibu Vivi Yarti,,Jambi,Infaq Tidak Terikat,IU UMUM,Kemanusiaan,TF Mandiri 6777," Rp 500,000 ",,,JOKO
04550,31/01/2025,Bapak Dwi Kasiadi,,,Infaq Tidak Terikat,IU UMUM,,TF Mandiri 6777," Rp 160,000 ",,,ADI
04551,31/01/2025,Ibu Gemala Anggraini,,,Infaq Tidak Terikat,IU UMUM,,TF Mandiri 6777," Rp 200,000 ",,,EKA
04552,31/01/2025,Bapak Edy Putra Irawady,,,Infaq Terikat,IK SANTUNAN ANAK DHUAFA,anak yatim,TF Mandiri 6777," Rp 100,000 ",,,KANTOR
04553,31/01/2025,Ibu Herlis Herawati,,,Infaq Terikat,IK SANTUNAN ANAK DHUAFA,anak yatim,TF Mandiri 6777," Rp 300,000 ",,,HENDRA
04554,31/01/2025,Ibu Tanty Harvianty,,,Infaq Terikat,IK JUMAT BERKAH,,TF Mandiri 6777," Rp 500,000 ",,,HENDRA
04555,31/01/2025,Bapak Ridwan,,,Infaq Tidak Terikat,IU UMUM,,TF Mandiri 6777," Rp 100,000 ",,,DADANG
04556,31/01/2025,Bapak M. Fajri Ramdhani,,,Infaq Tidak Terikat,IU UMUM,,TF Mandiri 6777," Rp 1,501 ",,,KANTOR
04558,31/01/2025,Bapak Edy Putra Irawady,,,Infaq Tidak Terikat,IU UMUM,,TF Mandiri 6777," Rp 100,000 ",,,KANTOR
04559,31/01/2025,Ibu Tanty Harvianty,,,Infaq Tidak Terikat,IU UMUM,,TF Mandiri 6777," Rp 500,000 ",,,HENDRA
04560,31/01/2025,Bapak Ridwan,,,Infaq Tidak Terikat,IU UMUM,,TF Mandiri 6777," Rp 50,000 ",,,DADANG
04561,31/01/2025,Ibu Surya Darni,,,Zakat Profesi,,Penghasilan,TF Mandiri 6777," Rp 100,000 ",,,SRI
04562,31/01/2025,Ibu Surya Darni,,,Infaq Tidak Terikat,IU UMUM,,TF Mandiri 6777," Rp 150,000 ",,,SRI
04563,31/01/2025,Ibu Dindi Eneng,,,Zakat Profesi,,Penghasilan,TF Mandiri 6777," Rp 3,000,000 ",,,KANTOR
04564,31/01/2025,Bapak Edy Putra Irawady,,,Infaq Tidak Terikat,IU UMUM,,TF Mandiri 6777," Rp 100,000 ",,,KANTOR
04565,31/01/2025,Bapak Ridwan,,,Infaq Tidak Terikat,IU UMUM,,TF Mandiri 6777," Rp 50,000 ",,,DADANG
04566,31/01/2025,Ibu Lia Rahmi Aida,,,Infaq Tidak Terikat,IU UMUM,,TF Mandiri 6777," Rp 500,000 ",,,SRI
04567,31/01/2025,Bapak Zainal Arfin,,,Infaq Tidak Terikat,IU UMUM,,TF Mandiri 6777," Rp 200,000 ",,,HENDRA
04568,31/01/2025,Ibu Tanty Harvianty,,,Infaq Tidak Terikat,IU UMUM,,TF Mandiri 6777," Rp 500,000 ",,,HENDRA
04569,31/01/2025,Bapak Deta Wijaya,,,Zakat Profesi,,Profesi,TF Mandiri 6777," Rp 500,000 ",,,HENDRA
04571,31/01/2025,Bapak Edy Putra Irawady,,,Infaq Tidak Terikat,IU UMUM,,TF Mandiri 6777," Rp 100,000 ",,,KANTOR
04572,31/01/2025,Ibu Tanty Harvianty,,,Infaq Tidak Terikat,IU UMUM,,TF Mandiri 6777," Rp 500,000 ",,,HENDRA
04573,31/01/2025,Bapak Ridwan,,,Infaq Tidak Terikat,IU UMUM,,TF Mandiri 6777," Rp 100,000 ",,,DADANG
04574,31/01/2025,Ibu Itmawati,,,Zakat Profesi,,Zakat Kantor Des,TF Mandiri 6777," Rp 500,000 ",,,HENDRA
04575,31/01/2025,Bapak Alamsyah,,,Infaq Tidak Terikat,IU UMUM,,TF BNI 9073," Rp 500,000 ",,,FUJI
04576,31/01/2025,Bapak Apriadi,,,Infaq Tidak Terikat,IU UMUM,,TF BCA 5393," Rp 100,000 ",,,ADI
04577,31/01/2025,Ibu Reisa Vataya Nazar,,,Infaq Tidak Terikat,IU UMUM,,TF BCA 5393," Rp 50,000 ",,,KANTOR
04578,31/01/2025,Ibu Febby Kassandra,,,Infaq Tidak Terikat,IU UMUM,,TF BCA 5393," Rp 200,000 ",,,KANTOR
04579,31/01/2025,Ibu Megawati,,,Infaq Tidak Terikat,IU UMUM,,TF BCA 5393," Rp 100,000 ",,,SRI
04580,31/01/2025,Ibu Ade Rahayu,,,Zakat Profesi,,Profesi,TF BCA 5393," Rp 150,000 ",,,HENDRA
04581,31/01/2025,Ibu Desmayani,,,Infaq Tidak Terikat,IU UMUM,,TF BCA 5393," Rp 200,000 ",,,HENDRA
04582,31/01/2025,Ibu Noviola Ayu D,,,Infaq Tidak Terikat,IU UMUM,,TF BCA 5393," Rp 100,000 ",,,HENDRA
04583,31/01/2025,Ibu Repelita Witri,,,Infaq Tidak Terikat,IU UMUM,,TF BCA 5393," Rp 200,000 ",,,HENDRA
04585,31/01/2025,Ibu Putri Adfita Sari,,,Infaq Tidak Terikat,IU UMUM,,TF BCA 5393," Rp 200,000 ",,,HENDRA
04587,31/01/2025,Ibu Nurdiana,,,Infaq Tidak Terikat,IU UMUM,,TF BCA 5393," Rp 200,000 ",,,HENDRA
04588,31/01/2025,Ibu Vindi Astari,,,Infaq Tidak Terikat,,,TF BCA 5393," Rp 100,000 ",,,HENDRA
04589,31/01/2025,Ibu Anggi Agnesia,,,Infaq Terikat,IK SANTUNAN ANAK DHUAFA,anak yatim,TF BCA 5393," Rp 150,000 ",,,SRI
04590,31/01/2025,Bapak Wisnu,,,Infaq Tidak Terikat,IU UMUM,,TF BCA 5393," Rp 100,000 ",,,FUJI
04591,31/01/2025,Ibu Gita Kartika Desi,,,Zakat Profesi,,Profesi,TF BCA 5393," Rp 1,000,000 ",,,HENDRA
04592,31/01/2025,Bapak Dwi Sasongko,,,Zakat Profesi,,Profesi,TF BCA 5393," Rp 150,000 ",,,TIARA
04593,31/01/2025,Ibu Nunung S,,,Infaq Tidak Terikat,IU UMUM,,TF BCA 5393," Rp 150,000 ",,,SRI
04594,31/01/2025,Ibu Ade Inka,,,Infaq Tidak Terikat,IU UMUM,,TF BCA 5393," Rp 100,000 ",,,TANTI
04595,31/01/2025,Bapak Dwi Puja Kesuma,,,Zakat Profesi,,Penghasilan,TF BCA 5393," Rp 1,000,000 ",,,JOKO
04596,31/01/2025,Ibu Rusmiati,,,Zakat Profesi,,Penghasilan,TF BCA 5393," Rp 300,000 ",,,ZULI
04597,31/01/2025,Ibu Sri Hidayati,,,Infaq Tidak Terikat,IU UMUM,,TF BCA 5393," Rp 50,000 ",,,ADI
04598,31/01/2025,Bapak Endang Wijaya,,,Zakat Profesi,,Penghasilan,TF BCA 5393," Rp 500,000 ",,,SRI
04599,31/01/2025,Bapak Ferdy SH,,,Infaq Tidak Terikat,IU UMUM,,TF BCA 5393," Rp 50,000 ",,,JOKO
04663,31/01/2025,Bapak Endang Abdul Naser,,,Infaq Tidak Terikat,IU UMUM,,TF BCA 5393," Rp 100,000 ",,,KANTOR
04600,31/01/2025,Bapak Siginjai Kurnia,,,Infaq Tidak Terikat,IU UMUM,,TF BCA 5393," Rp 100,000 ",,,KANTOR
04601,31/01/2025,Bapak Fahrurrozi,,,Zakat Profesi,,Penghasilan,TF BCA 5393," Rp 250,000 ",,,HENDRA
04602,31/01/2025,Bapak Mugtadir Alam,,,Infaq Tidak Terikat,IU UMUM,,TF BCA 5393," Rp 100,000 ",,,ADI
04603,31/01/2025,Ibu Nurmala,,,Infaq Tidak Terikat,IU UMUM,,TF BCA 5393," Rp 50,000 ",,,ADI
04604,31/01/2025,Bapak Hasanudin,,,Infaq Tidak Terikat,IU UMUM,,TF BCA 5393," Rp 10,000 ",,,SRI
04605,31/01/2025,Bapak Andi Tirta,,,Infaq Tidak Terikat,IU UMUM,,TF BCA 5393," Rp 50,000 ",,,HENDRA
04606,31/01/2025,Bapak Ferdy SH,,,Infaq Tidak Terikat,IU UMUM,,TF BCA 5393," Rp 10,000 ",,,JOKO
04607,31/01/2025,Bapak Ferdy SH,,,Infaq Tidak Terikat,IU UMUM,,TF BCA 5393," Rp 10,000 ",,,JOKO
04608,31/01/2025,Bapak Ferdy SH,,,Infaq Tidak Terikat,IU UMUM,,TF BCA 5393," Rp 10,000 ",,,JOKO
04609,31/01/2025,Bapak Ferdy SH,,,Infaq Tidak Terikat,IU UMUM,,TF BCA 5393," Rp 10,000 ",,,JOKO
04610,31/01/2025,Bapak Ferdy SH,,,Infaq Tidak Terikat,IU UMUM,,TF BCA 5393," Rp 10,000 ",,,JOKO
04611,31/01/2025,Bapak Ferdy SH,,,Infaq Tidak Terikat,IU UMUM,,TF BCA 5393," Rp 10,000 ",,,JOKO
04612,31/01/2025,Bapak Ferdy SH,,,Infaq Tidak Terikat,IU UMUM,,TF BCA 5393," Rp 10,000 ",,,JOKO
04613,31/01/2025,Bapak Fedy SH,,,Infaq Tidak Terikat,IU UMUM,,TF BCA 5393," Rp 130,000 ",,,JOKO
04614,31/01/2025,Ibu Dina Sianosari,,,Infaq Tidak Terikat,IU UMUM,,TF BSI 1972," Rp 1,000 ",,,KANTOR
04616,31/01/2025,Ibu Rita Asma,,,Infaq Tidak Terikat,IU UMUM,,TF BSI 1809," Rp 250,000 ",,,MIRDA
04617,31/01/2025,Bapak Yogi Supiarman,,,Infaq Tidak Terikat,IU UMUM,,TF BSI 1809," Rp 100,000 ",,,KANTOR
04619,31/01/2025,Ibu Popy Agustin Danap,,,Infaq Tidak Terikat,IU UMUM,,TF BSI 1809," Rp 65,000 ",,,KANTOR
04620,31/01/2025,Ibu Lili Evelin,,,Infaq Tidak Terikat,IU UMUM,,TF BSI 1809," Rp 300,000 ",,,KANTOR
04621,31/01/2025,Ibu Yulianti,,,Infaq Tidak Terikat,IU UMUM,,TF BSI 1809," Rp 300,000 ",,,ADI
04622,31/01/2025,Bapak Farris Midonsa,,,Infaq Tidak Terikat,IU UMUM,,TF BSI 1809," Rp 50,000 ",,,KANTOR
04623,31/01/2025,Ibu Cici Lianopita,,,Infaq Terikat,IK SEMBAKO ASRAMA,,TF BSI 1809," Rp 100,000 ",,,HENDRA
04624,31/01/2025,Ibu Alvary Norindra,,,Infaq Terikat,IK SEMBAKO ASRAMA,,TF BSI 1809," Rp 200,000 ",,,HENDRA
04625,31/01/2025,Bapak Imadudin,,,Infaq Terikat,IK ASRAMA YATIM DHUAFA,,TF BSI 1809," Rp 1,000,000 ",,,HENDRA
04626,31/01/2025,Ibu Ermita,,,Infaq Terikat,IK PALESTINA,,TF BSI 1809," Rp 150,000 ",,,HENDRA
04627,31/01/2025,Ibu Kiki Fatmawati,,,Infaq Terikat,IK SANTUNAN ANAK DHUAFA,anak yatim,TF BSI 1809," Rp 150,000 ",,,ZULI
04628,31/01/2025,Bapak Dedi Surya Pratama,,,Infaq Tidak Terikat,IU UMUM,,TF BSI 1809," Rp 50,000 ",,,KANTOR
04629,31/01/2025,Ibu Ermita,,,Infaq Terikat,IK PALESTINA,,TF BSI 1809," Rp 75,000 ",,,HENDRA
04630,31/01/2025,Ibu Nurul Hakiki,,,Zakat Profesi,,Profesi,TF BSI 6368," Rp 250,000 ",,,SRI
04631,31/01/2025,Ibu Shinta Karolin,,,Infaq Tidak Terikat,IU UMUM,,TF BSI 6368," Rp 25,000 ",,,KANTOR
04632,31/01/2025,Bapak Dedi,,,Infaq Tidak Terikat,IU UMUM,,TF BSI 6368," Rp 200,000 ",,,EKA
04633,31/01/2025,Bapak Hamdi,,,Infaq Tidak Terikat,IU UMUM,,TF BSI 6368," Rp 100,000 ",,,EKA
04634,31/01/2025,Bapak Aririk Japik,,,Infaq Tidak Terikat,IU UMUM,,TF BSI 6368," Rp 100,000 ",,,JOKO
04635,31/01/2025,Ibu Anisa,,,Infaq Tidak Terikat,IU UMUM,,TF BSI 6368," Rp 100,000 ",,,KANTOR
04636,31/01/2025,Ibu Putri Wahyuningsih,,,Infaq Tidak Terikat,IU UMUM,,TF BSI 6368," Rp 500,000 ",,,KANTOR
04637,31/01/2025,Ibu Desi Aditya Ias,,,Infaq Tidak Terikat,IU UMUM,,TF BSI 6368," Rp 100,000 ",,,SRI
04638,31/01/2025,Bapak Suwardi,,,Zakat Profesi,,Penghasilan,TF BSI 6368," Rp 425,000 ",,,JOKO
04639,31/01/2025,Ibu Shinta Karolin,,,Infaq Tidak Terikat,IU UMUM,,TF BSI 6368," Rp 50,000 ",,,KANTOR
04640,31/01/2025,Ibu Fama Aprilia,,,Infaq Tidak Terikat,IU UMUM,,TF BSI 6368," Rp 100,000 ",,,SRI
04642,31/01/2025,Bapak Hamdi,,,Infaq Tidak Terikat,IU UMUM,,TF BSI 6368," Rp 50,000 ",,,EKA
04643,31/01/2025,Ibu Fajra Pilohima,,,Infaq Tidak Terikat,IU UMUM,,TF BSI 6368," Rp 50,000 ",,,KANTOR
04644,31/01/2025,Ibu Nadia Mayang Sari,,,Infaq Tidak Terikat,IU UMUM,,TF BSI 6368," Rp 50,000 ",,,TANTI
04645,31/01/2025,Ibu Desi Aditya Ias,,,Infaq Tidak Terikat,IU UMUM,,TF BSI 6368," Rp 50,000 ",,,SRI
04646,31/01/2025,Bapak Musolih,,,Infaq Tidak Terikat,IU UMUM,,TF BSI 6368," Rp 100,000 ",,,HENDRA
04647,31/01/2025,Bapak Ahmad Dobig,,,Infaq Tidak Terikat,IU UMUM,,TF BSI 6368," Rp 50,000 ",,,HENDRA
04648,31/01/2025,Bapak Dui Febriantoni,,,Infaq Tidak Terikat,IU UMUM,,TF BSI 6368," Rp 50,000 ",,,HENDRA
04649,31/01/2025,Ibu Winda Yuni Safera,,,Infaq Tidak Terikat,IU UMUM,,TF BSI 1630," Rp 50,000 ",,,KANTOR
04650,31/01/2025,Ibu Dinda Pebrita A,,,Zakat Profesi,,Profesi,TF BSI 1630," Rp 310,000 ",,,JOKO
04651,31/01/2025,Ibu Rethna Hessie,,,Infaq Tidak Terikat,IU UMUM,,TF BSI 1630," Rp 10,000 ",,,FUJI
04652,31/01/2025,Ibu Dwi Puji Anggara P,,,Zakat Profesi,,Penghasilan,TF BSI 1630," Rp 231,190 ",,,HAINI
04653,31/01/2025,Ibu Dian Fitri,,,Infaq Tidak Terikat,IU UMUM,,TF BSI 1630," Rp 250,000 ",,,HENDRA
04654,31/01/2025,Ibu Dwi Puji Anggara P,,,Zakat Profesi,,Penghasilan,TF BSI 1630," Rp 138,385 ",,,HAINI
04656,31/01/2025,Bapak Raden Heru Saputra,,,Infaq Tidak Terikat,IU UMUM,,TF BSI 1630," Rp 25,000 ",,,KANTOR
04657,31/01/2025,Bapak Yose Surya Saputra,,,Infaq Tidak Terikat,IU UMUM,,TF BSI 1630, Rp 775 ,,,KANTOR
04659,31/01/2025,Ibu Dini,,,Infaq Tidak Terikat,IU UMUM,,TF BSI 6573," Rp 100,000 ",,,SRI
04660,31/01/2025,Bapak Deta Wijaya,,,Infaq Tidak Terikat,IU UMUM,,TF Mandiri 6777," Rp 25,300,000 ",,,HENDRA
,31/01/2025,Bapak Hasrinaldi,,,Donasi Logistik/Barang,,Kipas Angin 2 buah,Tunai," Rp 500,000 ",BR ASET," Rp 500,000 ",HENDRA