tanggal_penyaluran,nama_program,jumlah_dana,sumber_dana_penyaluran_id,jenis_donasi_id,bidang_program_id,penerima_manfaat_lembaga,jumlah_penerima_manfaat,lokasi_penyaluran,keterangan
07/01/2025,Penyaluran Langsung,650000,Dana Zakat,Zakat Maal,Operasional Lembaga,,1,,Penyaluran langsung untuk operasional
13/01/2025,Bantuan Asrama,100000,Dana Infaq/Sedekah,Infaq Tidak Terikat,Pendidikan,Asrama Mahasiswa,25,ke asrama,Bantuan operasional asrama mahasiswa
13/01/2025,Penyaluran Langsung,300000,Dana Infaq/Sedekah,Infaq Tidak Terikat,Operasional Lembaga,,1,,Penyaluran langsung operasional
13/01/2025,Penyaluran Langsung,100000,Dana Infaq/Sedekah,Infaq Tidak Terikat,Operasional Lembaga,,1,,Penyaluran langsung operasional
13/01/2025,Bantuan Persediaan,140000,Dana Infaq/Sedekah,Infaq Tidak Terikat,Operasional Lembaga,Bagian Persediaan,1,ke persediaan,Bantuan untuk persediaan barang
