tanggal_penyaluran,nama_program,jumlah_dana,sumber_dana_penyaluran_id,jenis_donasi_id,bidang_program_id,lokasi_penyaluran,keterangan
1/7/2025,Penyaluran Langsung,650000,Dana Umum,Penyaluran Langsung,Operasional Lembaga,,Penyaluran langsung untuk operasional
1/13/2025,Penyaluran Langsung,300000,Dana Umum,Penyaluran Langsung,Operasional Lembaga,,Penyaluran langsung operasional
1/13/2025,Penyaluran Langsung,100000,Dana Umum,Penyaluran Langsung,Operasional Lembaga,,Penyaluran langsung operasional
1/13/2025,Bantuan Persediaan,140000,Dana Umum,Penyaluran Langsung,Operasional Lembaga,ke persediaan,Bantuan untuk persediaan barang
1/14/2025,Bantuan Asrama,1760000,Dana Umum,Penyaluran Langsung,Operasional Lembaga,ke asrama,Bantuan besar untuk asrama mahasiswa
1/14/2025,Bantuan Persediaan,255000,Dana Umum,Penyaluran Langsung,Operasional Lembaga,ke persediaan,Bantuan persediaan bulanan
1/14/2025,Bantuan Persediaan,300000,Dana Umum,Penyaluran Langsung,Operasional Lembaga,ke persediaan,Bantuan persediaan tambahan
1/23/2025,Bantuan Asrama,200000,Dana Umum,Penyaluran Langsung,Operasional Lembaga,ke asrama,Bantuan asrama mahasiswa
1/31/2025,Penyaluran Langsung,660000,Dana Umum,Penyaluran Langsung,Operasional Lembaga,,Penyaluran langsung akhir bulan
1/31/2025,Bantuan Aset,500000,Dana Umum,Penyaluran Langsung,Operasional Lembaga,ke bagian aset,Bantuan untuk pengelolaan aset