nama,nomor_hp,alamat_detail,gender,email,pekerjaan_id
Tiara Humairah,,"Senaung, Ma.Jambi",female,,
dr. Evi Supriadi,81366212677,Mayang Magurai,female,,
Shauma Lailatul Mecca,89627857528,Tambak Sari RT. 09,organization,,
Siswa SD Insan Madani Jambi,,Kebun Handil,organization,,
BSI Pattimura,,,organization,,
dr. Gusti,,,male,,
dr. Dianita,,,female,,
dr.Gusti ,,,male,,
Miftah Mukarromah,,,female,,
dr. Ade Pratiwi,81359090534,Pasar,female,,
BSI Pattimura,,Pattimura,organization,,
Karyawan Tritama,85266222727,Kel. Sungai Asam Pasar Jambi,organization,,
Swalayan Buana,,Kel. Legok,organization,,
dr. Gusti,,Jambi,male,,
Siswa SD Insan Madani Jambi,,Kebun Handil,organization,,
Shauma Lailatul Mecca,89627857528,Tambak Sari RT. 09,organization,,
Sambal Lalap,8116270622,Telanai Pura,organization,,
Temphoyak,,Thehok,organization,,
Komunitas Pangan Al Latif,81632710598,Talang Bakung,organization,,