nama,nomor_hp,alamat_detail,gender,email,pekerjaan_id
Suhadi,81274755000,RT. 13 Tangkit,male,,
Arifin Kho,82176568998,Pasir Putih,male,,
Akta Purwoyanti,8538485284,Eka Jaya,female,,
Rohilah,85368961590,Jambi,female,,
Halimah,85266011900,Jambi,female,,
Putra Najuantah,81274664939,Kotabaru,male,,
Imam Arifin,85266136599,Purnama,male,,
Dewi,81274561651,Jambi,female,,
Faridah Suryaningsih,85266050013,Alam Barajo,female,,
Miftah Mukarromah,82279581413,Pasir Putih,female,,
Fahrina Diniyati,81366141999,Thehok,female,,
Isat Rus,,Qatar,female,,
Mutia Kartikasari,8127418574,Alam Barajo,female,,
Dewi Ariska,82282896580,Kumpeh,female,,
Febriani,85377459362,Kumpeh,female,,
Tati Maryati,81366198616,Jambi,female,,
Teti Heriyani,85368620348,Sipin,female,,
Yani,,Simpang III Sipin,female,,
Kamaria,85788747848,Perumnas Kotabaru,female,,
Gita Kartika,81806886019,Kel. Thehok,female,,
Deta Wijaya,81351529879,Alam Barajo,male,,
Didiet P,85380638083,Telanai,male,,
Tanty Harvianty,82371518505,Mayang Magurai,female,,
Cici Lianopita,85266282001,Tanjung Pinang,female,,
Nurdiyati,81367731569,Pasir Putih,female,,
Alm. M.Yunus,,Marene,male,,
Vico Delvia,81319322385,Telanai Pura,female,,
Tri Firandari,,Jambi,female,,
KMS Muhammad Syafi'i,,Jambi,male,,
Wisnu,,Jambi,male,,
Desi Aditya Ias,,Jerambah Bolong,female,,
Desi Aditya Ias,,Jerambah Bolong,female,,
Desi Aditya Ias,,Jerambah Bolong,female,,
Suhadi,,RT. Tangkit,male,,
Kartika Mustofa,,,female,,
Nur Hasanah,,Riau,female,,
Cindy Claudia,,Ma. Jambi,female,,
Nur Syifa,,Tanjab Timur,female,,
Tiara Humairoh,,"Senaung, Ma. Jambi",female,,
Silva,,"Sengeti, Ma. Jambi",female,,
Inggrit Okta Bella,,Paal Merah,female,,
Gusriana,,Ma. Bulian,female,,
Widya Fuji Astuti,82177720711,Arizona,female,,
Dinda Latifa,82196616606,Jambi,female,,
Nifa,82371424474,Jambi,female,,
Nurkholifah,85377828740,Jambi,female,,
Fatimah,85266671702,Jambi,female,,
Rizka Lova,85230632385,Kota Jambi,female,,
Az Zahra,85357664425,Kota Jambi,female,,
Sakinah,82269917412,Kota Jambi,female,,
Keyla Khairunnisa,81279967158,Kota Jambi,female,,
Salsabilah,82376365967,Jambi,female,,
Sevi Sawestri,,Palembang,female,,
Riki,,Palembang,male,,
Gatot,,Jakarta,male,,
Suratman,,Jambi,male,,
Sabli,,Paal Merah,male,,
Fitri,85144387510,Simpang Kawat,female,,
Fitri,,Simpang Kawat,female,,
Surya Atma,81274041881,Pasir Putih,male,,
Surya Atma,,,male,,
Nurmala,81217908844,Bakung Jaya,female,,
Astuti Prihatinigsih,81366792466,Ma. Tebo,female,,
Rudianto,85145045017,Kalimantan Barat,male,,
Maryadi,85228452282,Jambi,male,,
Vera,81274778588,Jambi,female,,
Arifin Kho,82176568998,Pasir Putih,male,,
Kukuh Matsaul Sabib,82280862141,Bayung Lincir,male,,
Faridah Suryaningsih,85266050013,Alam Barajo,female,,
Failasofah,8122413132,Jambi,female,,
Winda Nofriana,85266401021,Seberang,female,,
Anita,82183313598,Mendahara,female,,
Mildaerizanti,82325392787,Kotabaru,female,,
Mildaerizanti,,,female,,
Dewi Ariska,82282896580,Kumpeh,female,,
Dwi Utaminigsih,85266784965,Kenali Atas,female,,
Tawaf Ali,82375554999,Kampung Bugis,male,,
Eka Wahyuni,85281600323,Talang Bakung,female,,
Devano,82377507036,Tambak Sari RT. 09,male,,
Keyla,,Jambi,female,,
Nada Claudia Clara,87780500924,Simp III Sipin,female,,
Yosi Ulfasanah,82281817849,Tempino,female,,
Rahma,85266922754,Simp. Rimbo,female,,
Esther Lidya,,Jambi,female,,
Esther Lidya,,,female,,
Rully Ramadona,,Paal V,male,,
Iqlima M,,Ma. Jambi,female,,
Wildawati,,Nusa Indah II,female,,
Zahara Zaskia,,Legok,female,,
Jelita Fitriani,8.24E+16,Kel. Aur Kenali,female,,
Nur Jelita Hanum Siregar,82279856556,Desa Sidomulyo,female,,
Sindi Amelia,83194181272,Desa Pulau Betung,female,,
Seva Novrianti,82162305462,Desa Tunas Baru,female,,
Nurlatifah,83850366360,Kel. Sengeti,female,,
Khairun Najwa,88286348678,Kel. Bagan Pete,female,,
Syahira Syaffanni,82211249259,Kel. Aur Kenali,female,,
Putri Yana,81366166038,Kel. Simpang Rimbo,female,,
Faras Novia,81366166038,Kel. Simpang Rimbo,female,,
Zazkia Bunga,89614144199,Kel. Rawasari,female,,
Aira Rahmadani,82288236762,Kel. Nipah Panjang,female,,
Vuan Zendranaya Mirzan,81219236564,Aurduri,female,,
Vuan Zendranaya Mirzan,81219236564,Kel. Aur Kenali,female,,
Jesika Hajah Pramuja,82214697411,Simpang Rimbo,female,,
A. Citra Nike Asmara,82170742641,Aur Kenali,female,,
IM Oka Mahaendra,8.22E+14,Talang Banjar,male,,
Arifin Kho,8.22E+14,Pasir Putih,male,,
Dian Malida Ramadhani,8.13E+14,Kenali Atas,female,,
Faridah Suryaningsih,85266050013,Alam Barajo,female,,
Halimah,85266011900,Jambi,female,,
Suci Rahmani Nurita,81273390158,Alam Barajo,female,,
Dewi Ariska,82282896580,Kumpeh,female,,
Emilda Rezka,85378570472,Bungo,female,,
Miftah Mukarromah,82279581413,Pasir Putih,female,,
Mentari,8.24E+14,Simpang Kawat,female,,
Miftah Mukarromah,8.23E+13,Pasir Putih,female,,
Mintarsih,85266065545,Jambi,female,,
Fitri,85144387510,Paal V,female,,
Sakinah,82269917412,Kota Jambi,female,,
Kartika,83117682383,Kota Jambi,female,,
Nurul Adzkia,89602808285,Kota Jambi,female,,
Nur Hatifah,82231810695,Kota Jambi,female,,
Agustina Febri,83178500281,Kota Jambi,female,,
Dinda Latifa,82196616606,Kota Jambi,female,,
Dwi Najwa,,Kota Jambi,female,,
Nurul Adzkia,89602808285,Kota Jambi,female,,
Sindy Amelia,,Pemayung,female,,
Zakyah Hidayh Harahap,85267015861,Kel. Aur Kenali,female,,
Mellisa Nur Fadilah,8.96E+16,Kel. Beliung,female,,
Jelita Fitriani,82379291988,Kel. Aur Kenali,female,,
Suhadi,81274755000,RT. 13 Tangkit,male,,
Suhadi,,,male,,
Shanum Adzra Nurhadi,8231527717,Jelutung,female,,
Aqmar Nadhif Yusuf,89628434731,Tambak Sari,male,,
Fadlawati,,Jambi,female,,
Apri,,Jambi,male,,
Keyla Azzahra,,Terusan,female,,
Ilham,85184523938,Kenali Besar,male,,
Dwi Nanda Aprilia,89669007836,Desa Muaro Pijoan,female,,
Wilda,,Desa Kedotan,female,,
Rendy Dwi Sapta,,,male,,
Anna Fitrina,,,female,,
Rusmiati,85279170568,,female,,
Suhadi,81274755000,RT. 13 Desa Tangkit,male,,
Fatimah Lubis,8127442553,Mendalo,female,,
Dewi Ariska,82282896580,Kumpeh,female,,
Akta Purwoyanti,85384785284,Eka Jaya,female,,
Faridah Suryaningsih,81386275648,Alam Barajo,female,,
Halimah,85266011900,Jambi,female,,
Miftah Mukarromah,82279581413,Pasir Putih,female,,
Rini Marlina,85368739555,Paal Merah,female,,
Siti Ropiah,81210296662,Thehok,female,,
Tati Maryati,81366198616,Jambi,female,,
Nani Elyani,85266969614,Jambi,female,,
Teti Heriyani,85368620348,Sipin,female,,
Faridah Suryaningsih,81386275648,Alam Barajo,female,,
Dewi Ariska,82282896580,Kumpeh,female,,
Miftah Mukarromah,82279581413,Pasir Putih,female,,
Machul,82180115050,Bakung Jaya,male,,
M. Ali Mustika,82380400575,Ma. Jambi,male,,
Anne Nofriani,81361351910,Thehok,female,,
Sahara Ariani,82176610603,Palembang,female,,
Gatot,81215172265,Jakarta,male,,
Edi Maryanto,81276628821,Jambi,male,,
Basnimar,81276996300,Jambi,female,,
Gemala Anggraini,,Jambi,female,,
Dofi Johansa,8117453482,Jambi,male,,
Imas Ertati,8.96E+16,Jambi,female,,
Nurmala,81217908844,Jambi,female,,
Juwita Siregar,,Jambi,female,,
Hamdi,,Jambi,male,,
Esther Lidya,,Jambi,female,,
Ahmad Dobig,,Palembang,male,,
Suci Anaanda,,Jambi,female,,
Abdul Qudus,,Jambi,male,,
Ozela Rizkia Monita,,Jambi,female,,
Siti Ropiah,,Jambi,female,,
Meily Ika Permata,,Jambi,female,,
Ade Inka,,Ma. Jambi,female,,
Heru Kuswara,,Jambi,male,,
Aririk Japik,,Jambi,male,,
Haryati,,,female,,
Haryati,,,female,,
Hasbi,,,male,,
Ahmad Zaidan,,,male,,
Apriadi,,,male,,
Tono Danat,,,male,,
Haryati,,,female,,
Wagiso,,,male,,
Badarudding,,,male,,
Cakra Bravo Satyaneg,,,male,,
Gatot,,,male,,
Wulandari Helmarina,,,female,,
Harsya Wardhana,,,male,,
Esther Lidya,,,female,,
Apriadi,,,male,,
Nuryani,,,female,,
Mufidah,,,female,,
Reisa Vataya Nazar,,,female,,
Desmarini,,,female,,
Basnimar,,,female,,
Esther Lidya,,,female,,
Ariadi,,,male,,
Arifin Kho,,,male,,
Gatot,,,male,,
Gatot,,,male,,
Ressa Keke Widiyanti,,,female,,
Muliana,,,female,,
Nadia Mayang Sari,,,female,,
Desi Aditya Ias,,Jerambah Bolong,female,,
DR. Hj. Dini Silvia,,,female,,
Edy Putra Irawady,,Jambi,male,,
Tiara Kirana Gita,,Jambi,female,,
Tegu Ramdhani,,Jambi,male,,
Syartila Dewi Syam,,Jambi,female,,
Vivi Yarti,,Jambi,female,,
Dwi Kasiadi,,,male,,
Gemala Anggraini,,,female,,
Edy Putra Irawady,,,male,,
Herlis Herawati,,,female,,
Tanty Harvianty,,,female,,
Ridwan,,,male,,
M. Fajri Ramdhani,,,male,,
Edy Putra Irawady,,,male,,
Tanty Harvianty,,,female,,
Ridwan,,,male,,
Surya Darni,,,female,,
Surya Darni,,,female,,
Dindi Eneng,,,female,,
Edy Putra Irawady,,,male,,
Ridwan,,,male,,
Lia Rahmi Aida,,,female,,
Zainal Arfin,,,male,,
Tanty Harvianty,,,female,,
Deta Wijaya,,,male,,
Edy Putra Irawady,,,male,,
Tanty Harvianty,,,female,,
Ridwan,,,male,,
Itmawati,,,female,,
Alamsyah,,,male,,
Apriadi,,,male,,
Reisa Vataya Nazar,,,female,,
Febby Kassandra,,,female,,
Megawati,,,female,,
Ade Rahayu,,,female,,
Desmayani,,,female,,
Noviola Ayu D,,,female,,
Repelita Witri,,,female,,
Putri Adfita Sari,,,female,,
Nurdiana,,,female,,
Vindi Astari,,,female,,
Anggi Agnesia,,,female,,
Wisnu,,,male,,
Gita Kartika Desi,,,female,,
Dwi Sasongko,,,male,,
Nunung S,,,female,,
Ade Inka,,,female,,
Dwi Puja Kesuma,,,male,,
Rusmiati,,,female,,
Sri Hidayati,,,female,,
Endang Wijaya,,,male,,
Ferdy SH,,,male,,
Endang Abdul Naser,,,male,,
Siginjai Kurnia,,,male,,
Fahrurrozi,,,male,,
Mugtadir Alam,,,male,,
Nurmala,,,female,,
Hasanudin,,,male,,
Andi Tirta,,,male,,
Ferdy SH,,,male,,
Ferdy SH,,,male,,
Ferdy SH,,,male,,
Ferdy SH,,,male,,
Ferdy SH,,,male,,
Ferdy SH,,,male,,
Ferdy SH,,,male,,
Fedy SH,,,male,,
Dina Sianosari,,,female,,
Rita Asma,,,female,,
Yogi Supiarman,,,male,,
Popy Agustin Danap,,,female,,
Lili Evelin,,,female,,
Yulianti,,,female,,
Farris Midonsa,,,male,,
Cici Lianopita,,,female,,
Alvary Norindra,,,female,,
Imadudin,,,male,,
Ermita,,,female,,
Kiki Fatmawati,,,female,,
Dedi Surya Pratama,,,male,,
Ermita,,,female,,
Nurul Hakiki,,,female,,
Shinta Karolin,,,female,,
Dedi,,,male,,
Hamdi,,,male,,
Aririk Japik,,,male,,
Anisa,,,female,,
Putri Wahyuningsih,,,female,,
Desi Aditya Ias,,,female,,
Suwardi,,,male,,
Shinta Karolin,,,female,,
Fama Aprilia,,,female,,
Hamdi,,,male,,
Fajra Pilohima,,,female,,
Nadia Mayang Sari,,,female,,
Desi Aditya Ias,,,female,,
Musolih,,,male,,
Ahmad Dobig,,,male,,
Dui Febriantoni,,,male,,
Winda Yuni Safera,,,female,,
Dinda Pebrita A,,,female,,
Rethna Hessie,,,female,,
Dwi Puji Anggara P,,,female,,
Dian Fitri,,,female,,
Dwi Puji Anggara P,,,female,,
Raden Heru Saputra,,,male,,
Yose Surya Saputra,,,male,,
Dini,,,female,,
Deta Wijaya,,,male,,
Hasrinaldi,,,male,,