nomor_transaksi;tanggal_donasi;nama_donatur;nomor_hp;alamat;jenis_donasi;keterangan;catatan;via;jumlah;deskripsi_barang;perkiraan_nilai_barang;fundraiser
3700;01/03/2025;Suhadi;81274755000;RT. 13 Tangkit;Infaq Terikat;IK ASRAMA YATIM DHUAFA;anak yatim;Tunai;100000;;;ZULI
4152;01/03/2025;Arifin Kho;82176568998;Pasir Putih;Infaq Tidak Terikat;IU UMUM;;TF BSI 6573;100000;;;ADI
4153;01/03/2025;Akta Purwoyanti;8538485284;Eka Jaya;Infaq Tidak Terikat;IU UMUM;;TF BCA 5393;100000;;;ADI
4154;01/03/2025;Rohilah;85368961590;Jambi;Zakat Profesi;;Profesi;TF Mandiri 6777;100000;;;ADI
4155;01/03/2025;Halimah;85266011900;Jambi;Infaq Tidak Terikat;IU UMUM;;TF Mandiri 6777;200000;;;ADI
4156;01/03/2025;Putra Najuantah;81274664939;Kotabaru;Infaq Tidak Terikat;IU UMUM;;TF BSI 1972;50000;;;ADI
4157;01/03/2025;Imam Arifin;85266136599;Purnama;Zakat Profesi;;Penghasilan;TF BCA 5393;175000;;;ADI
4158;01/03/2025;Dewi;81274561651;Jambi;Infaq Tidak Terikat;IU UMUM;;TF BSI 1809;50000;;;ADI
4159;01/03/2025;Faridah Suryaningsih;85266050013;Alam Barajo;Infaq Tidak Terikat;IU UMUM;;TF BCA 5393;500000;;;ADI
4160;01/03/2025;Miftah Mukarromah;82279581413;Pasir Putih;Infaq Tidak Terikat;IU UMUM;;TF BSI 1630;50000;;;ADI
4161;01/03/2025;Fahrina Diniyati;81366141999;Thehok;Infaq Terikat;IK ASRAMA YATIM DHUAFA;;TF BSI 1809;1000000;;;ADI
4162;01/03/2025;Isat Rus;;Qatar;Infaq Tidak Terikat;IU UMUM;;TF BSI 6573;100000;;;ADI
4163;01/03/2025;Mutia Kartikasari;8127418574;Alam Barajo;Zakat Profesi;;Profesi;TF BSI 6573;350000;;;ADI
4164;01/03/2025;Dewi Ariska;82282896580;Kumpeh;Infaq Tidak Terikat;IU UMUM;;TF BSI 1630;20000;;;ADI
4166;01/04/2025;Febriani;85377459362;Kumpeh;Infaq Tidak Terikat;IU UMUM;;TF BSI 1630;200000;;;ADI
4167;01/06/2025;Tati Maryati;81366198616;Jambi;Infaq Tidak Terikat;IU UMUM;;TF BSI 1809;100000;;;ADI
4168;01/07/2025;Teti Heriyani;85368620348;Sipin;Infaq Tidak Terikat;IU UMUM;;TF BSI 1630;500000;;;ADI
3718;01/07/2025;Yani;;Simpang III Sipin;Infaq Tidak Terikat;IU UMUM;;TF BSI 1630;200000;;;TANTI
4502;01/07/2025;Kamaria;85788747848;Perumnas Kotabaru;40300001 Penerimaan DSKL Fidyah;DSKL FIDYAH;;Tunai;750000;;;JOKO
3955;01/07/2025;Gita Kartika;81806886019;Kel. Thehok;Zakat Profesi;;Profesi;TF BCA 5393;500000;;;HENDRA
3956;01/07/2025;Deta Wijaya;81351529879;Alam Barajo;Zakat Profesi;;Profesi;TF Mandiri 6777;516000;;;HENDRA
3957;01/07/2025;Didiet P;85380638083;Telanai;Zakat Maal;;Maal;TF BCA 5393;2000000;;;HENDRA
3958;01/07/2025;Tanty Harvianty;82371518505;Mayang Magurai;Infaq Tidak Terikat;IU UMUM;;TF Mandiri 6777;500000;;;HENDRA
3959;01/07/2025;Cici Lianopita;85266282001;Tanjung Pinang;Infaq Tidak Terikat;IU UMUM;;TF BSI 1630;300000;;;HENDRA
3962;01/07/2025;Nurdiyati;81367731569;Pasir Putih;Infaq Tidak Terikat;IU UMUM;;TF Mandiri 6777;300000;;;HENDRA
4359;01/08/2025;Alm. M.Yunus;;Marene;Infaq Terikat;IK SANTUNAN ANAK DHUAFA;anak yatim ( Kencleng);Tunai;200000;;;SRI
4172;01/09/2025;Vico Delvia;81319322385;Telanai Pura;Infaq Tidak Terikat;IU UMUM;;TF Muamalat 1472;327380;;;ADI
4360;01/09/2025;Tri Firandari;;Jambi;Infaq Tidak Terikat;IU UMUM;;TF Mandiri 6777;100000;;;FUJI
4361;01/09/2025;KMS Muhammad Syafi'i;;Jambi;Infaq Terikat;IK ASRAMA YATIM DHUAFA;;TF BSI 6368;150000;;;FUJI
4362;01/09/2025;Wisnu;;Jambi;Infaq Tidak Terikat;IU UMUM;;TF BCA 5393;50000;;;FUJI
4363;01/09/2025;Desi Aditya Ias;;Jerambah Bolong;Infaq Tidak Terikat;IU UMUM;;TF BSI 6368;50000;;;SRI
4364;01/09/2025;Desi Aditya Ias;;Jerambah Bolong;Infaq Tidak Terikat;IU UMUM;;TF BSI 6368;50000;;;SRI
4365;01/09/2025;Desi Aditya Ias;;Jerambah Bolong;Infaq Tidak Terikat;IU UMUM;;TF BSI 6368;50000;;;SRI
3720;01/10/2025;Suhadi;;RT. Tangkit;Infaq Terikat;IK SANTUNAN ANAK DHUAFA;anak yatim;Tunai;100000;;;ZULI
4547;01/10/2025;Kartika Mustofa ;;;DSKL (Dana Sosial Keagamaan Lainnya);DSKL NAZAR;Nazar;TF BSI 1630;3200000;;;MIRDA
4052;01/10/2025;Nur Hasanah;;Riau;Infaq Tidak Terikat;IU UMUM;spp jan- mei 25;Tunai;400000;;;MASYHUDA
4053;01/10/2025;Cindy Claudia;;Ma. Jambi;Infaq Tidak Terikat;IU UMUM;spp Jan 25;Tunai;80000;;;MASYHUDA
4054;01/10/2025;Nur Syifa;;Tanjab Timur;Infaq Tidak Terikat;IU UMUM;spp jan- mar 25;Tunai;240000;;;MASYHUDA
4055;01/10/2025;Tiara Humairoh;;Senaung, Ma. Jambi;Infaq Tidak Terikat;IU UMUM;spp Feb, Mar 25;Tunai;160000;;;MASYHUDA
4056;01/10/2025;Silva;;Sengeti, Ma. Jambi;Infaq Tidak Terikat;IU UMUM;spp jan - mar 25;Tunai;240000;;;MASYHUDA
4057;01/10/2025;Inggrit Okta Bella;;Paal Merah;Infaq Tidak Terikat;IU UMUM;Kontibusi Des 24;Tunai;37500;;;MASYHUDA
4058;01/10/2025;Gusriana;;Ma. Bulian;Infaq Tidak Terikat;IU UMUM;spp jan - mar 25;Tunai;240000;;;MASYHUDA
3719;01/10/2025;Widya Fuji Astuti;82177720711;Arizona;Zakat Profesi;;Penghasilan;TF Mandiri 6777;120000;;;ZULI
3626;01/10/2025;Dinda Latifa;82196616606;Jambi;Infaq Tidak Terikat;IU UMUM;spp Des 24;Tunai;500000;;;TANTI
3627;01/10/2025;Nifa;82371424474;Jambi;Infaq Tidak Terikat;IU UMUM;;Tunai;45000;;;TANTI
3628;01/10/2025;Nurkholifah;85377828740;Jambi;Infaq Tidak Terikat;IU UMUM;;Tunai;500000;;;TANTI
3629;01/10/2025;Fatimah;85266671702;Jambi;Infaq Tidak Terikat;IU UMUM;;Tunai;5000;;;TANTI
3630;01/10/2025;Rizka Lova;85230632385;Kota Jambi;Infaq Tidak Terikat;IU UMUM;;Tunai;150000;;;TANTI
3631;01/10/2025;Az Zahra;85357664425;Kota Jambi;Infaq Tidak Terikat;IU UMUM;;Tunai;65000;;;TANTI
3632;01/10/2025;Sakinah;82269917412;Kota Jambi;Infaq Tidak Terikat;IU UMUM;;Tunai;100000;;;TANTI
3633;01/10/2025;Keyla Khairunnisa;81279967158;Kota Jambi;Infaq Tidak Terikat;IU UMUM;;Tunai;115000;;;TANTI
3634;01/10/2025;Salsabilah;82376365967;Jambi;Infaq Tidak Terikat;IU UMUM;;Tunai;100000;;;TANTI
4366;01/10/2025;Sevi Sawestri;;Palembang;Zakat Profesi;;Penghasilan;TF BSI 6573;300000;;;SRI
4367;01/10/2025;Riki;;Palembang;Zakat Profesi;;Penghasilan;TF BSI 6573;150000;;;SRI
4368;01/10/2025;Gatot;;Jakarta;Infaq Tidak Terikat;IU UMUM;;TF BSI 6573;100000;;;SRI
4369;01/10/2025;Suratman;;Jambi;Infaq Tidak Terikat;IU UMUM;;TF BSI 6573;100000;;;SRI
3875;1/13/2025;Sabli;;Paal Merah;Infaq Terikat;IK SANTUNAN ANAK DHUAFA;anak yatim;Tunai;335000;;;HENDRA
4173;1/13/2025;Fitri;85144387510;Simpang Kawat;Donasi Logistik/Barang;;Nasi 30 box;Tunai;300000;BR NASI/MAKANAN;Rp300,00;ADI
4174;1/13/2025;Fitri;;Simpang Kawat;Donasi Logistik/Barang;;Kue 100 pcs;Tunai;100000;BR KUE;Rp100,00;ADI
4175;1/13/2025;Surya Atma;81274041881;Pasir Putih;Zakat Profesi;;Profesi;TF BSI 1809;2500000;;;ADI
;1/13/2025;Surya Atma;;;Infaq Tidak Terikat;IU UMUM;;TF BSI 1809;1000000;;;ADI
4176;1/13/2025;Nurmala;81217908844;Bakung Jaya;Infaq Tidak Terikat;IU UMUM;;TF BCA 5393;50000;;;ADI
4177;1/13/2025;Astuti Prihatinigsih;81366792466;Ma. Tebo;Infaq Tidak Terikat;IU UMUM;;TF BSI 6573;100000;;;ADI
4178;1/13/2025;Rudianto;85145045017;Kalimantan Barat;Infaq Tidak Terikat;IU UMUM;;TF BSI 1809;100000;;;ADI
4179;1/13/2025;Maryadi;85228452282;Jambi;Infaq Tidak Terikat;IU UMUM;;TF BCA 5393;100000;;;ADI
4180;1/13/2025;Vera;81274778588;Jambi;Infaq Tidak Terikat;IU UMUM;;TF BSI 1809;50000;;;ADI
4181;1/13/2025;Arifin Kho;82176568998;Pasir Putih;Infaq Tidak Terikat;IU UMUM;;TF BSI 6573;100000;;;ADI
4182;1/13/2025;Kukuh Matsaul Sabib;82280862141;Bayung Lincir;Infaq Tidak Terikat;IU UMUM;;TF BSI 1809;50000;;;ADI
4183;1/13/2025;Faridah Suryaningsih;85266050013;Alam Barajo;Infaq Tidak Terikat;IU UMUM;;TF BCA 5393;500000;;;ADI
4184;1/13/2025;Failasofah;8122413132;Jambi;Zakat Profesi;;Profesi;TF BSI 1809;500000;;;ADI
4185;1/13/2025;Winda Nofriana;85266401021;Seberang;Donasi Logistik/Barang;;Beras 10 kg;Tunai;140000;BR SEMBAKO;Rp140,00;ADI
4186;1/13/2025;Anita;82183313598;Mendahara;Infaq Terikat;IK ASRAMA YATIM DHUAFA;asrama;TF BSI 1809;100000;;;ADI
4187;1/13/2025;Mildaerizanti;82325392787;Kotabaru;Zakat Profesi;;Profesi;TF BSI 1630;150000;;;ADI
;1/13/2025;Mildaerizanti;;;Infaq Tidak Terikat;IU UMUM;;TF BSI 1630;50000;;;ADI
4188;1/13/2025;Dewi Ariska;82282896580;Kumpeh;Infaq Tidak Terikat;IU UMUM;;TF BSI 1630;20000;;;ADI
4189;1/13/2025;Dwi Utaminigsih;85266784965;Kenali Atas;Zakat Profesi;;Penghasilan;TF BSI 1630;200000;;;ADI
3876;1/13/2025;Tawaf Ali;82375554999;Kampung Bugis;Infaq Tidak Terikat;IU UMUM;;TF BCA 5393;200000;;;MIRA
2388;1/14/2025;Eka Wahyuni;85281600323;Talang Bakung;Zakat Profesi;;Penghasilan;TF BSI 6368;1000000;;;MERI
2389;1/14/2025;Devano;82377507036;Tambak Sari RT. 09;Infaq Tidak Terikat;IU UMUM;spp Jan 25;Tunai;60000;;;MERI
3635;1/14/2025;Keyla;;Jambi;Infaq Tidak Terikat;IU UMUM;;Tunai;50000;;;TANTI
3636;1/14/2025;Nada Claudia Clara;87780500924;Simp III Sipin;Infaq Terikat;IK BERBUKA;asrama;TF Mandiri 6777;150000;;;TANTI
3637;1/14/2025;Yosi Ulfasanah;82281817849;Tempino;Infaq Tidak Terikat;IU UMUM;;TF BSI 1809;150000;;;TANTI
3638;1/14/2025;Rahma;85266922754;Simp. Rimbo;Donasi Logistik/Barang;;nasi 80 kotak;Tunai;1760000;BR NASI/MAKANAN; Rp 1,760,000 ;TANTI
4370;1/14/2025;Esther Lidya;;Jambi;Donasi Logistik/Barang;;Mie  gulung 3 dus dan Kecap 12 btl;Tunai;255000;BR SEMBAKO;Rp255,00;JOKO
4371;1/14/2025;Esther Lidya;;;Donasi Logistik/Barang;;Beras 3 kartu 20 kg;Tunai;300000;BR SEMBAKO;Rp300,00;JOKO
4372;1/14/2025;Rully Ramadona;;Paal V;Zakat Maal;;Maal;TF BSI 6368;500000;;;SRI
4059;1/15/2025;Iqlima M;;Ma. Jambi;Infaq Tidak Terikat;IU UMUM;spp Jan 25;Tunai;80000;;;MASYHUDA
4542;1/21/2025;Wildawati;;Nusa Indah II;Infaq Tidak Terikat;IU UMUM;;Tunai;100000;;;MASYHUDA
4060;1/22/2025;Zahara Zaskia;;Legok;Infaq Tidak Terikat;IU UMUM;SPP Jan 25;Tunai;80000;;;MASYHUDA
4001;1/22/2025;Jelita Fitriani;8,23799E+11;Kel. Aur Kenali;Infaq Tidak Terikat;IU UMUM;Jan-25;Tunai;80000;;;MASYHUDA
4002;1/22/2025;Nur Jelita Hanum Siregar;82279856556;Desa Sidomulyo;Infaq Tidak Terikat;IU UMUM;Jan-25;Tunai;80000;;;MASYHUDA
4003;1/22/2025;Sindi Amelia;83194181272;Desa Pulau Betung;Infaq Tidak Terikat;IU UMUM;Jan-25;Tunai;80000;;;MASYHUDA
4004;1/22/2025;Seva Novrianti;82162305462;Desa Tunas Baru;Infaq Tidak Terikat;IU UMUM;Jan-25;Tunai;80000;;;MASYHUDA
4005;1/22/2025;Nurlatifah;83850366360;Kel. Sengeti;Infaq Tidak Terikat;IU UMUM;Jan-25;Tunai;80000;;;MASYHUDA
4006;1/22/2025;Khairun Najwa;88286348678;Kel. Bagan Pete;Infaq Tidak Terikat;IU UMUM;Feb-25;Tunai;800000;;;MASYHUDA
4007;1/22/2025;Syahira Syaffanni;82211249259;Kel. Aur Kenali;Infaq Tidak Terikat;IU UMUM;Jan-25;Tunai;80000;;;MASYHUDA
4008;1/22/2025;Putri Yana;81366166038;Kel. Simpang Rimbo;Infaq Tidak Terikat;IU UMUM;Jan-25;Tunai;80000;;;MASYHUDA
4009;1/22/2025;Faras Novia;81366166038;Kel. Simpang Rimbo;Infaq Tidak Terikat;IU UMUM;Jan-25;Tunai;80000;;;MASYHUDA
4010;1/22/2025;Zazkia Bunga;89614144199;Kel. Rawasari;Infaq Tidak Terikat;IU UMUM;Jan-25;Tunai;80000;;;MASYHUDA
4011;1/22/2025;Aira Rahmadani;82288236762;Kel. Nipah Panjang;Infaq Tidak Terikat;IU UMUM;Jan-25;Tunai;80000;;;MASYHUDA
4012;1/22/2025;Vuan Zendranaya Mirzan;81219236564;Aurduri;Infaq Tidak Terikat;IU UMUM;Jan, Feb, dan Maret;Tunai;240000;;;MASYHUDA
4548;1/22/2025;Vuan Zendranaya Mirzan;81219236564;Kel. Aur Kenali;Infaq Tidak Terikat;IU UMUM;Jan-25;Tunai;100000;;;MASYHUDA
4549;1/22/2025;Jesika Hajah Pramuja;82214697411;Simpang Rimbo;Infaq Tidak Terikat;IU UMUM;Jan-25;Tunai;80000;;;MASYHUDA
4550;1/22/2025;A. Citra Nike Asmara;82170742641;Aur Kenali;Infaq Tidak Terikat;IU UMUM;Jan-25;Tunai;80000;;;MASYHUDA
4190;1/23/2025;IM Oka Mahaendra;82178597227;Talang Banjar;Zakat Profesi;;Profesi;TF BSI 1630;1000000;;;ADI
4191;1/23/2025;Arifin Kho;82176568998;Pasir Putih;Infaq Tidak Terikat;IU UMUM;;TF BSI 6573;100000;;;ADI
4192;1/23/2025;Dian Malida Ramadhani;81274505075;Kenali Atas;Infaq Tidak Terikat;IU UMUM;;TF BSI 1809;50000;;;SRI
4193;1/23/2025;Faridah Suryaningsih;85266050013;Alam Barajo;Infaq Tidak Terikat;IU UMUM;;TF BCA 5393;500000;;;ADI
4194;1/23/2025;Halimah;85266011900;Jambi;Infaq Tidak Terikat;IU UMUM;;TF Mandiri 6777;100000;;;ADI
4195;1/23/2025;Suci Rahmani Nurita;81273390158;Alam Barajo;Zakat Profesi;;Profesi;TF BSI 6573;80000;;;ADI
4196;1/23/2025;Dewi Ariska;82282896580;Kumpeh;Infaq Tidak Terikat;IU UMUM;;TF BSI 1630;20000;;;ADI
4197;1/23/2025;Emilda Rezka;85378570472;Bungo;Zakat Profesi;;Profesi;TF BSI 1630;275000;;;ADI
4198;1/23/2025;Miftah Mukarromah;82279581413;Pasir Putih;Infaq Tidak Terikat;IU UMUM;;TF BSI 1809;50000;;;ADI
4199;1/23/2025;Mentari;82376357734;Simpang Kawat;Zakat Profesi;;Profesi;TF BSI 6368;100000;;;ADI
4200;1/23/2025;Miftah Mukarromah;82279581413;Pasir Putih;Infaq Tidak Terikat;IU UMUM;;TF BSI 1809;100000;;;ADI
4383;1/23/2025;Mintarsih;85266065545;Jambi;Zakat Profesi;;Penghasilan;TF BCA 5393;300000;;;SRI
4302;1/23/2025;Fitri;85144387510;Paal V;Donasi Logistik/Barang;;Kue 200 pcs;Tunai;200000;BR KUE;Rp200,00;ADI
4051;1/23/2025;Sakinah;82269917412;Kota Jambi;Infaq Tidak Terikat;IU UMUM;Kontribusi;Tunai;50000;;;TANTI
4052;1/23/2025;Kartika;83117682383;Kota Jambi;Infaq Tidak Terikat;IU UMUM;Kontribusi;Tunai;50000;;;TANTI
4053;1/23/2025;Nurul Adzkia;89602808285;Kota Jambi;Infaq Tidak Terikat;IU UMUM;Kontribusi;Tunai;50000;;;TANTI
3639;1/23/2025;Nur Hatifah;82231810695;Kota Jambi;Infaq Tidak Terikat;IU UMUM;Kontribusi;Tunai;50000;;;TANTI
3640;1/23/2025;Agustina Febri;83178500281;Kota Jambi;Infaq Tidak Terikat;IU UMUM;Spp Ok 24;Tunai;700000;;;TANTI
3641;1/23/2025;Dinda Latifa;82196616606;Kota Jambi;Infaq Tidak Terikat;IU UMUM;spp Jan 25;Tunai;500000;;;TANTI
3642;1/23/2025;Dwi Najwa;;Kota Jambi;Infaq Tidak Terikat;IU UMUM;Kontribusi;Tunai;50000;;;TANTI
3643;1/23/2025;Nurul Adzkia;89602808285;Kota Jambi;Infaq Tidak Terikat;IU UMUM;spp Jan 25;Tunai;600000;;;TANTI
4543;1/24/2025;Sindy Amelia;;Pemayung;Infaq Tidak Terikat;IU UMUM;spp Feb, Mar, Apr 25;Tunai;240000;;;MASYHUDA
4013;1/24/2025;Zakyah Hidayh Harahap;85267015861;Kel. Aur Kenali;Infaq Tidak Terikat;IU UMUM;Jan-25;Tunai;80000;;;MASYHUDA
4014;1/24/2025;Mellisa Nur Fadilah;8,95622E+11;Kel. Beliung;Infaq Tidak Terikat;IU UMUM;Jan, Feb, Mar, Apr;Tunai;320000;;;MASYHUDA
4015;1/24/2025;Jelita Fitriani;82379291988;Kel. Aur Kenali;Infaq Tidak Terikat;IU UMUM;Feb, Mar 25;Tunai;160000;;;MASYHUDA
4252;1/24/2025;Suhadi;81274755000;RT. 13 Tangkit;Infaq Terikat;IK SANTUNAN ANAK DHUAFA;anak yatim;Tunai;100000;;;ZULI
3882;1/24/2025;Suhadi;;;Infaq Terikat;IK SANTUNAN ANAK DHUAFA;anak yatim;Tunai;100000;;;ZULI
2390;1/30/2025;Shanum Adzra Nurhadi;8231527717;Jelutung;Infaq Tidak Terikat;IU UMUM;SPP Jan 25;Tunai;60000;;;MERI
2391;1/30/2025;Aqmar Nadhif Yusuf;89628434731;Tambak Sari;Infaq Tidak Terikat;IU UMUM;SPP Jan 25;Tunai;60000;;;MERI
4505;1/30/2025;Fadlawati;;Jambi;Infaq Tidak Terikat;IU UMUM;Kencleng;Tunai;69600;;;SRI
4504;1/30/2025;Apri;;Jambi;Infaq Tidak Terikat;IU UMUM;Kencleng;Tunai;90000;;;SRI
4544;1/31/2025;Keyla Azzahra;;Terusan;Infaq Tidak Terikat;IU UMUM;SPP Jan 25;Tunai;80000;;;MASYHUDA
4016;1/31/2025;Ilham;85184523938;Kenali Besar;Donasi Logistik/Barang;;Nasi 55 bks;Tunai;660000;BR NASI/MAKANAN;Rp660,00;MASYHUDA
4017;1/31/2025;Dwi Nanda Aprilia;89669007836;Desa Muaro Pijoan;Infaq Tidak Terikat;IU UMUM;spp jan, feb, mar;Tunai;240000;;;MASYHUDA
4018;1/31/2025;Wilda;;Desa Kedotan;Infaq Tidak Terikat;IU UMUM;spp jan 25;Tunai;80000;;;MASYHUDA
4352;1/31/2025;Rendy Dwi Sapta;;;Infaq Tidak Terikat;IU UMUM;;TF Mandiri 6777;100000;;;FUJI
4353;1/31/2025;Anna Fitrina;;;Infaq Tidak Terikat;IU UMUM;;TF BSI 6573;200000;;;KANTOR
4354;1/31/2025;Rusmiati;85279170568;;Zakat Profesi;;Penghasilan;TF BCA 5393;400000;;;ZULI
4355;1/31/2025;Suhadi;81274755000;RT. 13 Desa Tangkit;Infaq Terikat;IK SANTUNAN ANAK DHUAFA;anak yatim;Tunai;100000;;;ZULI
4305;1/31/2025;Fatimah Lubis;8127442553;Mendalo;Infaq Tidak Terikat;IU UMUM;;TF BSI 1630;100000;;;ADI
4306;1/31/2025;Dewi Ariska;82282896580;Kumpeh;Infaq Tidak Terikat;IU UMUM;;TF BSI 1630;20000;;;ADI
4307;1/31/2025;Akta Purwoyanti;85384785284;Eka Jaya;Infaq Terikat;IK ASRAMA YATIM DHUAFA;asrama;TF BCA 5393;50000;;;ADI
4308;1/31/2025;Faridah Suryaningsih;81386275648;Alam Barajo;Infaq Tidak Terikat;IU UMUM;;TF BCA 5393;500000;;;ADI
4509;1/31/2025;Halimah;85266011900;Jambi;Infaq Tidak Terikat;IU UMUM;;TF Mandiri 6777;100000;;;ADI
4310;1/31/2025;Miftah Mukarromah;82279581413;Pasir Putih;Infaq Tidak Terikat;IU UMUM;;TF BSI 6368;100000;;;ADI
4311;1/31/2025;Rini Marlina;85368739555;Paal Merah;Infaq Tidak Terikat;IU UMUM;;TF BSI 6368;50000;;;ADI
4312;1/31/2025;Siti Ropiah;81210296662;Thehok;Infaq Tidak Terikat;IU UMUM;;TF BSI 6573;50000;;;ADI
4313;1/31/2025;Tati Maryati;81366198616;Jambi;Infaq Tidak Terikat;IU UMUM;;TF BSI 6368;50000;;;ADI
4314;1/31/2025;Nani Elyani;85266969614;Jambi;Infaq Tidak Terikat;IU UMUM;;TF BSI 1809;50000;;;ADI
4315;1/31/2025;Teti Heriyani;85368620348;Sipin;Infaq Tidak Terikat;IU UMUM;;TF BSI 1809;100000;;;ADI
4316;1/31/2025;Faridah Suryaningsih;81386275648;Alam Barajo;Infaq Tidak Terikat;IU UMUM;;TF BCA 5393;500000;;;ADI
4317;1/31/2025;Dewi Ariska;82282896580;Kumpeh;Infaq Tidak Terikat;IU UMUM;;TF BSI 1630;20000;;;ADI
4318;1/31/2025;Miftah Mukarromah;82279581413;Pasir Putih;Infaq Tidak Terikat;IU UMUM;;TF BSI 1809;100000;;;ADI
4319;1/31/2025;Machul;82180115050;Bakung Jaya;Infaq Tidak Terikat;IU UMUM;;TF BSI 1809;500000;;;ADI
4320;1/31/2025;M. Ali Mustika;82380400575;Ma. Jambi;Infaq Tidak Terikat;IU UMUM;;TF BSI 1809;200000;;;ADI
4321;1/31/2025;Anne Nofriani;81361351910;Thehok;Infaq Tidak Terikat;IU UMUM;;TF BSI 1809;50000;;;ADI
4322;1/31/2025;Sahara Ariani;82176610603;Palembang;Zakat Profesi;;Penghasilan Januari;TF BSI 6368;212000;;;ADI
4385;1/31/2025;Gatot;81215172265;Jakarta;Infaq Tidak Terikat;IU UMUM;;TF BSI 6573;100000;;;SRI
4386;1/31/2025;Edi Maryanto;81276628821;Jambi;Infaq Tidak Terikat;IU UMUM;;TF BSI 6573;100000;;;SRI
4387;1/31/2025;Basnimar;81276996300;Jambi;Infaq Tidak Terikat;IU UMUM;;TF BSI 6573;100000;;;SRI
4388;1/31/2025;Gemala Anggraini;;Jambi;Infaq Tidak Terikat;IU UMUM;;TF BSI 6573;300000;;;EKA
4389;1/31/2025;Dofi Johansa;8117453482;Jambi;Zakat Profesi;;Penghasilan;TF BSI 6573;440000;;;HENDRA
4390;1/31/2025;Imas Ertati;8,95622E+11;Jambi;Infaq Tidak Terikat;IU UMUM;;TF BSI 6573;100000;;;HENDRA
4391;1/31/2025;Nurmala;81217908844;Jambi;Infaq Tidak Terikat;IU UMUM;;TF BSI 6573;50000;;;ADI
4392;1/31/2025;Juwita Siregar;;Jambi;Infaq Tidak Terikat;IU UMUM;;TF BSI 6573;100000;;;KANTOR
4393;1/31/2025;Hamdi;;Jambi;Infaq Tidak Terikat;IU UMUM;;TF BSI 6573;100000;;;EKA
4394;1/31/2025;Esther Lidya;;Jambi;Infaq Terikat;IK JUMAT BERKAH;;TF BSI 6573;100000;;;JOKO
4395;1/31/2025;Ahmad Dobig;;Palembang;Infaq Tidak Terikat;IU UMUM;;TF BSI 6573;100000;;;HENDRA
4396;1/31/2025;Suci Anaanda;;Jambi;Infaq Tidak Terikat;IU UMUM;;TF BSI 6573;200000;;;SRI
4397;1/31/2025;Abdul Qudus;;Jambi;Infaq Tidak Terikat;IU UMUM;;TF BSI 6573;25000;;;JOKO
4398;1/31/2025;Ozela Rizkia Monita;;Jambi;Infaq Tidak Terikat;IU UMUM;;TF BSI 6573;100000;;;KANTOR
4399;1/31/2025;Siti Ropiah;;Jambi;Infaq Terikat;IK PENGHAFAL QURAN;asrama;TF BSI 6573;100000;;;ADI
4400;1/31/2025;Meily Ika Permata;;Jambi;Infaq Terikat;IK PENGHAFAL QURAN;asrama;TF BSI 6573;100000;;;HENDRA
4510;1/31/2025;Ade Inka;;Ma. Jambi;Infaq Tidak Terikat;IU UMUM;;TF BSI 6573;100000;;;TANTI
4511;1/31/2025;Heru Kuswara;;Jambi;Infaq Tidak Terikat;IU UMUM;;TF BSI 6573;100000;;;ADI
4512;1/31/2025;Aririk Japik;;Jambi;Infaq Tidak Terikat;IU UMUM;;TF BSI 6573;100000;;;JOKO
4513;1/31/2025;Haryati;;;Infaq Tidak Terikat;IU UMUM;;TF BSI 6573;30000;;;KANTOR
4514;1/31/2025;Haryati;;;Infaq Tidak Terikat;IU UMUM;;TF BSI 6573;15000;;;KANTOR
4515;1/31/2025;Hasbi;;;Infaq Tidak Terikat;IU UMUM;;TF BSI 6573;150000;;;KANTOR
4516;1/31/2025;Ahmad Zaidan;;;Infaq Tidak Terikat;IU UMUM;;TF BSI 6573;100000;;;EKA
4517;1/31/2025;Apriadi;;;Infaq Tidak Terikat;IU UMUM;;TF BSI 6573;50000;;;ADI
4518;1/31/2025;Tono Danat;;;Infaq Tidak Terikat;IU UMUM;;TF BSI 6573;100000;;;ADI
4519;1/31/2025;Haryati;;;Infaq Tidak Terikat;IU UMUM;;TF BSI 6573;15000;;;KANTOR
4520;1/31/2025;Wagiso;;;Zakat Profesi;;Profesi;TF BSI 6573;500000;;;HENDRA
4521;1/31/2025;Badarudding;;;Infaq Tidak Terikat;IU UMUM;;TF BSI 6573;150000;;;HENDRA
4522;1/31/2025;Cakra Bravo Satyaneg;;;Infaq Tidak Terikat;IU UMUM;;TF BSI 6573;250000;;;KANTOR
4523;1/31/2025;Gatot;;;Infaq Tidak Terikat;IU UMUM;;TF BSI 6573;100000;;;SRI
4524;1/31/2025;Wulandari Helmarina;;;Infaq Tidak Terikat;IU UMUM;;TF BSI 6573;50000;;;KANTOR
4525;1/31/2025;Harsya Wardhana;;;Infaq Tidak Terikat;IU UMUM;;TF BSI 6573;100000;;;KANTOR
4526;1/31/2025;Esther Lidya;;;Infaq Terikat;IK JUMAT BERKAH;;TF BSI 6573;100000;;;JOKO
4527;1/31/2025;Apriadi;;;Infaq Tidak Terikat;IU UMUM;;TF BSI 6573;50000;;;ADI
4528;1/31/2025;Nuryani;;;Infaq Tidak Terikat;IU UMUM;;TF BSI 6573;65000;;;KANTOR
4529;1/31/2025;Mufidah;;;Infaq Terikat;IK SANTUNAN ANAK DHUAFA;anak yatim;TF BSI 6573;50000;;;ADI
4530;1/31/2025;Reisa Vataya Nazar;;;Infaq Tidak Terikat;IU UMUM;;TF BSI 6573;100000;;;KANTOR
4531;1/31/2025;Desmarini;;;Infaq Terikat;IK PENGHAFAL QURAN;asrama;TF BSI 6573;150000;;;SRI
4532;1/31/2025;Basnimar;;;Infaq Tidak Terikat;IU UMUM;;TF BSI 6573;50000;;;SRI
4533;1/31/2025;Esther Lidya;;;Infaq Terikat;IK ASRAMA YATIM DHUAFA;beli buah;TF BSI 6573;50000;;;JOKO
4534;1/31/2025;Ariadi;;;Infaq Tidak Terikat;IU UMUM;;TF BSI 6573;50000;;;ADI
4535;1/31/2025;Arifin Kho;;;Infaq Terikat;IK JUMAT BERKAH;;TF BSI 6573;100000;;;ADI
4536;1/31/2025;Gatot;;;Infaq Tidak Terikat;IU UMUM;;TF BSI 6573;100000;;;SRI
4538;1/31/2025;Gatot;;;Infaq Tidak Terikat;IU UMUM;;TF BSI 6573;100000;;;SRI
4539;1/31/2025;Ressa Keke Widiyanti;;;Infaq Tidak Terikat;IU UMUM;;TF BSI 6573;50000;;;KANTOR
4540;1/31/2025;Muliana;;;Infaq Tidak Terikat;IU UMUM;;TF BSI 6573;100000;;;KANTOR
4541;1/31/2025;Nadia Mayang Sari;;;Infaq Tidak Terikat;IU UMUM;;TF BSI 6573;50000;;;TANTI
4542;1/31/2025;Desi Aditya Ias;;Jerambah Bolong;Infaq Tidak Terikat;IU UMUM;;TF Muamalat 7496;100000;;;SRI
4543;1/31/2025;DR. Hj. Dini Silvia;;;Zakat Profesi;;Penghasilan;TF Muamalat 7496;250000;;;KANTOR
4544;1/31/2025;Edy Putra Irawady;;Jambi;Infaq Tidak Terikat;IU UMUM;;TF Mandiri 6777;100000;;;KANTOR
4545;1/31/2025;Tiara Kirana Gita;;Jambi;Infaq Tidak Terikat;IU UMUM;;TF Mandiri 6777;150000;;;FUJI
4546;1/31/2025;Tegu Ramdhani;;Jambi;Infaq Tidak Terikat;IU UMUM;;TF Mandiri 6777;100000;;;SRI
4547;1/31/2025;Syartila Dewi Syam;;Jambi;Infaq Terikat;IK JUMAT BERKAH;;TF Mandiri 6777;200000;;;SRI
4548;1/31/2025;Vivi Yarti;;Jambi;Infaq Tidak Terikat;IU UMUM;Kemanusiaan;TF Mandiri 6777;500000;;;JOKO
4550;1/31/2025;Dwi Kasiadi;;;Infaq Tidak Terikat;IU UMUM;;TF Mandiri 6777;160000;;;ADI
4551;1/31/2025;Gemala Anggraini;;;Infaq Tidak Terikat;IU UMUM;;TF Mandiri 6777;200000;;;EKA
4552;1/31/2025;Edy Putra Irawady;;;Infaq Terikat;IK SANTUNAN ANAK DHUAFA;anak yatim;TF Mandiri 6777;100000;;;KANTOR
4553;1/31/2025;Herlis Herawati;;;Infaq Terikat;IK SANTUNAN ANAK DHUAFA;anak yatim;TF Mandiri 6777;300000;;;HENDRA
4554;1/31/2025;Tanty Harvianty;;;Infaq Terikat;IK JUMAT BERKAH;;TF Mandiri 6777;500000;;;HENDRA
4555;1/31/2025;Ridwan;;;Infaq Tidak Terikat;IU UMUM;;TF Mandiri 6777;100000;;;DADANG
4556;1/31/2025;M. Fajri Ramdhani;;;Infaq Tidak Terikat;IU UMUM;;TF Mandiri 6777;1501;;;KANTOR
4558;1/31/2025;Edy Putra Irawady;;;Infaq Tidak Terikat;IU UMUM;;TF Mandiri 6777;100000;;;KANTOR
4559;1/31/2025;Tanty Harvianty;;;Infaq Tidak Terikat;IU UMUM;;TF Mandiri 6777;500000;;;HENDRA
4560;1/31/2025;Ridwan;;;Infaq Tidak Terikat;IU UMUM;;TF Mandiri 6777;50000;;;DADANG
4561;1/31/2025;Surya Darni;;;Zakat Profesi;;Penghasilan;TF Mandiri 6777;100000;;;SRI
4562;1/31/2025;Surya Darni;;;Infaq Tidak Terikat;IU UMUM;;TF Mandiri 6777;150000;;;SRI
4563;1/31/2025;Dindi Eneng;;;Zakat Profesi;;Penghasilan;TF Mandiri 6777;3000000;;;KANTOR
4564;1/31/2025;Edy Putra Irawady;;;Infaq Tidak Terikat;IU UMUM;;TF Mandiri 6777;100000;;;KANTOR
4565;1/31/2025;Ridwan;;;Infaq Tidak Terikat;IU UMUM;;TF Mandiri 6777;50000;;;DADANG
4566;1/31/2025;Lia Rahmi Aida;;;Infaq Tidak Terikat;IU UMUM;;TF Mandiri 6777;500000;;;SRI
4567;1/31/2025;Zainal Arfin;;;Infaq Tidak Terikat;IU UMUM;;TF Mandiri 6777;200000;;;HENDRA
4568;1/31/2025;Tanty Harvianty;;;Infaq Tidak Terikat;IU UMUM;;TF Mandiri 6777;500000;;;HENDRA
4569;1/31/2025;Deta Wijaya;;;Zakat Profesi;;Profesi;TF Mandiri 6777;500000;;;HENDRA
4571;1/31/2025;Edy Putra Irawady;;;Infaq Tidak Terikat;IU UMUM;;TF Mandiri 6777;100000;;;KANTOR
4572;1/31/2025;Tanty Harvianty;;;Infaq Tidak Terikat;IU UMUM;;TF Mandiri 6777;500000;;;HENDRA
4573;1/31/2025;Ridwan;;;Infaq Tidak Terikat;IU UMUM;;TF Mandiri 6777;100000;;;DADANG
4574;1/31/2025;Itmawati;;;Zakat Profesi;;Zakat Kantor Des;TF Mandiri 6777;500000;;;HENDRA
4575;1/31/2025;Alamsyah;;;Infaq Tidak Terikat;IU UMUM;;TF BNI 9073;500000;;;FUJI
4576;1/31/2025;Apriadi;;;Infaq Tidak Terikat;IU UMUM;;TF BCA 5393;100000;;;ADI
4577;1/31/2025;Reisa Vataya Nazar;;;Infaq Tidak Terikat;IU UMUM;;TF BCA 5393;50000;;;KANTOR
4578;1/31/2025;Febby Kassandra;;;Infaq Tidak Terikat;IU UMUM;;TF BCA 5393;200000;;;KANTOR
4579;1/31/2025;Megawati;;;Infaq Tidak Terikat;IU UMUM;;TF BCA 5393;100000;;;SRI
4580;1/31/2025;Ade Rahayu;;;Zakat Profesi;;Profesi;TF BCA 5393;150000;;;HENDRA
4581;1/31/2025;Desmayani;;;Infaq Tidak Terikat;IU UMUM;;TF BCA 5393;200000;;;HENDRA
4582;1/31/2025;Noviola Ayu D;;;Infaq Tidak Terikat;IU UMUM;;TF BCA 5393;100000;;;HENDRA
4583;1/31/2025;Repelita Witri;;;Infaq Tidak Terikat;IU UMUM;;TF BCA 5393;200000;;;HENDRA
4585;1/31/2025;Putri Adfita Sari;;;Infaq Tidak Terikat;IU UMUM;;TF BCA 5393;200000;;;HENDRA
4587;1/31/2025;Nurdiana;;;Infaq Tidak Terikat;IU UMUM;;TF BCA 5393;200000;;;HENDRA
4588;1/31/2025;Vindi Astari;;;Infaq Tidak Terikat;;;TF BCA 5393;100000;;;HENDRA
4589;1/31/2025;Anggi Agnesia;;;Infaq Terikat;IK SANTUNAN ANAK DHUAFA;anak yatim;TF BCA 5393;150000;;;SRI
4590;1/31/2025;Wisnu;;;Infaq Tidak Terikat;IU UMUM;;TF BCA 5393;100000;;;FUJI
4591;1/31/2025;Gita Kartika Desi;;;Zakat Profesi;;Profesi;TF BCA 5393;1000000;;;HENDRA
4592;1/31/2025;Dwi Sasongko;;;Zakat Profesi;;Profesi;TF BCA 5393;150000;;;TIARA
4593;1/31/2025;Nunung S;;;Infaq Tidak Terikat;IU UMUM;;TF BCA 5393;150000;;;SRI
4594;1/31/2025;Ade Inka;;;Infaq Tidak Terikat;IU UMUM;;TF BCA 5393;100000;;;TANTI
4595;1/31/2025;Dwi Puja Kesuma;;;Zakat Profesi;;Penghasilan;TF BCA 5393;1000000;;;JOKO
4596;1/31/2025;Rusmiati;;;Zakat Profesi;;Penghasilan;TF BCA 5393;300000;;;ZULI
4597;1/31/2025;Sri Hidayati;;;Infaq Tidak Terikat;IU UMUM;;TF BCA 5393;50000;;;ADI
4598;1/31/2025;Endang Wijaya;;;Zakat Profesi;;Penghasilan;TF BCA 5393;500000;;;SRI
4599;1/31/2025;Ferdy SH;;;Infaq Tidak Terikat;IU UMUM;;TF BCA 5393;50000;;;JOKO
4663;1/31/2025;Endang Abdul Naser;;;Infaq Tidak Terikat;IU UMUM;;TF BCA 5393;100000;;;KANTOR
4600;1/31/2025;Siginjai Kurnia;;;Infaq Tidak Terikat;IU UMUM;;TF BCA 5393;100000;;;KANTOR
4601;1/31/2025;Fahrurrozi;;;Zakat Profesi;;Penghasilan;TF BCA 5393;250000;;;HENDRA
4602;1/31/2025;Mugtadir Alam;;;Infaq Tidak Terikat;IU UMUM;;TF BCA 5393;100000;;;ADI
4603;1/31/2025;Nurmala;;;Infaq Tidak Terikat;IU UMUM;;TF BCA 5393;50000;;;ADI
4604;1/31/2025;Hasanudin;;;Infaq Tidak Terikat;IU UMUM;;TF BCA 5393;10000;;;SRI
4605;1/31/2025;Andi Tirta;;;Infaq Tidak Terikat;IU UMUM;;TF BCA 5393;50000;;;HENDRA
4606;1/31/2025;Ferdy SH;;;Infaq Tidak Terikat;IU UMUM;;TF BCA 5393;10000;;;JOKO
4607;1/31/2025;Ferdy SH;;;Infaq Tidak Terikat;IU UMUM;;TF BCA 5393;10000;;;JOKO
4608;1/31/2025;Ferdy SH;;;Infaq Tidak Terikat;IU UMUM;;TF BCA 5393;10000;;;JOKO
4609;1/31/2025;Ferdy SH;;;Infaq Tidak Terikat;IU UMUM;;TF BCA 5393;10000;;;JOKO
4610;1/31/2025;Ferdy SH;;;Infaq Tidak Terikat;IU UMUM;;TF BCA 5393;10000;;;JOKO
4611;1/31/2025;Ferdy SH;;;Infaq Tidak Terikat;IU UMUM;;TF BCA 5393;10000;;;JOKO
4612;1/31/2025;Ferdy SH;;;Infaq Tidak Terikat;IU UMUM;;TF BCA 5393;10000;;;JOKO
4613;1/31/2025;Fedy SH;;;Infaq Tidak Terikat;IU UMUM;;TF BCA 5393;130000;;;JOKO
4614;1/31/2025;Dina Sianosari;;;Infaq Tidak Terikat;IU UMUM;;TF BSI 1972;1000;;;KANTOR
4616;1/31/2025;Rita Asma;;;Infaq Tidak Terikat;IU UMUM;;TF BSI 1809;250000;;;MIRDA
4617;1/31/2025;Yogi Supiarman;;;Infaq Tidak Terikat;IU UMUM;;TF BSI 1809;100000;;;KANTOR
4619;1/31/2025;Popy Agustin Danap;;;Infaq Tidak Terikat;IU UMUM;;TF BSI 1809;65000;;;KANTOR
4620;1/31/2025;Lili Evelin;;;Infaq Tidak Terikat;IU UMUM;;TF BSI 1809;300000;;;KANTOR
4621;1/31/2025;Yulianti;;;Infaq Tidak Terikat;IU UMUM;;TF BSI 1809;300000;;;ADI
4622;1/31/2025;Farris Midonsa;;;Infaq Tidak Terikat;IU UMUM;;TF BSI 1809;50000;;;KANTOR
4623;1/31/2025;Cici Lianopita;;;Infaq Terikat;IK SEMBAKO ASRAMA;;TF BSI 1809;100000;;;HENDRA
4624;1/31/2025;Alvary Norindra;;;Infaq Terikat;IK SEMBAKO ASRAMA;;TF BSI 1809;200000;;;HENDRA
4625;1/31/2025;Imadudin;;;Infaq Terikat;IK ASRAMA YATIM DHUAFA;;TF BSI 1809;1000000;;;HENDRA
4626;1/31/2025;Ermita;;;Infaq Terikat;IK PALESTINA;;TF BSI 1809;150000;;;HENDRA
4627;1/31/2025;Kiki Fatmawati;;;Infaq Terikat;IK SANTUNAN ANAK DHUAFA;anak yatim;TF BSI 1809;150000;;;ZULI
4628;1/31/2025;Dedi Surya Pratama;;;Infaq Tidak Terikat;IU UMUM;;TF BSI 1809;50000;;;KANTOR
4629;1/31/2025;Ermita;;;Infaq Terikat;IK PALESTINA;;TF BSI 1809;75000;;;HENDRA
4630;1/31/2025;Nurul Hakiki;;;Zakat Profesi;;Profesi;TF BSI 6368;250000;;;SRI
4631;1/31/2025;Shinta Karolin;;;Infaq Tidak Terikat;IU UMUM;;TF BSI 6368;25000;;;KANTOR
4632;1/31/2025;Dedi;;;Infaq Tidak Terikat;IU UMUM;;TF BSI 6368;200000;;;EKA
4633;1/31/2025;Hamdi;;;Infaq Tidak Terikat;IU UMUM;;TF BSI 6368;100000;;;EKA
4634;1/31/2025;Aririk Japik;;;Infaq Tidak Terikat;IU UMUM;;TF BSI 6368;100000;;;JOKO
4635;1/31/2025;Anisa;;;Infaq Tidak Terikat;IU UMUM;;TF BSI 6368;100000;;;KANTOR
4636;1/31/2025;Putri Wahyuningsih;;;Infaq Tidak Terikat;IU UMUM;;TF BSI 6368;500000;;;KANTOR
4637;1/31/2025;Desi Aditya Ias;;;Infaq Tidak Terikat;IU UMUM;;TF BSI 6368;100000;;;SRI
4638;1/31/2025;Suwardi;;;Zakat Profesi;;Penghasilan;TF BSI 6368;425000;;;JOKO
4639;1/31/2025;Shinta Karolin;;;Infaq Tidak Terikat;IU UMUM;;TF BSI 6368;50000;;;KANTOR
4640;1/31/2025;Fama Aprilia;;;Infaq Tidak Terikat;IU UMUM;;TF BSI 6368;100000;;;SRI
4642;1/31/2025;Hamdi;;;Infaq Tidak Terikat;IU UMUM;;TF BSI 6368;50000;;;EKA
4643;1/31/2025;Fajra Pilohima;;;Infaq Tidak Terikat;IU UMUM;;TF BSI 6368;50000;;;KANTOR
4644;1/31/2025;Nadia Mayang Sari;;;Infaq Tidak Terikat;IU UMUM;;TF BSI 6368;50000;;;TANTI
4645;1/31/2025;Desi Aditya Ias;;;Infaq Tidak Terikat;IU UMUM;;TF BSI 6368;50000;;;SRI
4646;1/31/2025;Musolih;;;Infaq Tidak Terikat;IU UMUM;;TF BSI 6368;100000;;;HENDRA
4647;1/31/2025;Ahmad Dobig;;;Infaq Tidak Terikat;IU UMUM;;TF BSI 6368;50000;;;HENDRA
4648;1/31/2025;Dui Febriantoni;;;Infaq Tidak Terikat;IU UMUM;;TF BSI 6368;50000;;;HENDRA
4649;1/31/2025;Winda Yuni Safera;;;Infaq Tidak Terikat;IU UMUM;;TF BSI 1630;50000;;;KANTOR
4650;1/31/2025;Dinda Pebrita A;;;Zakat Profesi;;Profesi;TF BSI 1630;310000;;;JOKO
4651;1/31/2025;Rethna Hessie;;;Infaq Tidak Terikat;IU UMUM;;TF BSI 1630;10000;;;FUJI
4652;1/31/2025;Dwi Puji Anggara P;;;Zakat Profesi;;Penghasilan;TF BSI 1630;231190;;;HAINI
4653;1/31/2025;Dian Fitri;;;Infaq Tidak Terikat;IU UMUM;;TF BSI 1630;250000;;;HENDRA
4654;1/31/2025;Dwi Puji Anggara P;;;Zakat Profesi;;Penghasilan;TF BSI 1630;138385;;;HAINI
4656;1/31/2025;Raden Heru Saputra;;;Infaq Tidak Terikat;IU UMUM;;TF BSI 1630;25000;;;KANTOR
4657;1/31/2025;Yose Surya Saputra;;;Infaq Tidak Terikat;IU UMUM;;TF BSI 1630;775;;;KANTOR
4659;1/31/2025;Dini;;;Infaq Tidak Terikat;IU UMUM;;TF BSI 6573;100000;;;SRI
4660;1/31/2025;Deta Wijaya;;;Infaq Tidak Terikat;IU UMUM;;TF Mandiri 6777;25300000;;;HENDRA
;1/31/2025;Hasrinaldi;;;Donasi Logistik/Barang;;Kipas Angin 2 buah;Tunai;500000;BR ASET;Rp500,00;HENDRA
