tanggal_penyaluran;keterangan;lokasi_penyaluran;kategori;jumlah_dana
07/01/2025;penyaluran langsung;;Penyaluran;650000
13/01/2025;penyaluran langsung;ke asrama;Penyaluran;100000
13/01/2025;penyaluran langsung;;Penyaluran;300000
13/01/2025;penyaluran langsung;;Penyaluran;100000
13/01/2025;penyaluran langsung;ke persediaan;Penyaluran;140000
14/01/2025;penyaluran langsung;ke asrama;Penyaluran;1760000
14/01/2025;Penyaluran Langsung;ke persediaan;Penyaluran;255000
14/01/2025;Penyaluran Langsung;ke persediaan;Penyaluran;300000
23/01/2025;penyaluran langsung;ke asrama;Penyaluran;200000
31/01/2025;penyaluran langsung;;Penyaluran;660000
31/01/2025;Penyaluran Langsung;ke bagian aset;Penyaluran;500000
