nomor_transaksi,tanggal_donasi,nama_donatur,nomor_hp,alamat,jenis_donasi,keterangan,catatan,via,jumlah,deskripsi_barang,perkiraan_nilai_barang,fundraiser
03700,1/3/2025,Suhadi,81274755000,RT. 13 Tangkit,Infaq Terikat,IK ASRAMA YATIM DHUAFA,anak yatim,Tunai,100000,,,ZULI
04152,1/3/2025,Arifin Kho,82176568998,Pasir Putih,Infaq Tidak Terikat,IU UMUM,,TF BSI 6573,100000,,,ADI
04153,1/3/2025,Akta Purwoyanti,8538485284,Eka Jaya,Infaq Tidak Terikat,IU UMUM,,TF BCA 5393,100000,,,ADI
04154,1/3/2025,Rohilah,85368961590,Jambi,Zakat Profesi,,Profesi,TF Mandiri 6777,100000,,,ADI
04155,1/3/2025,Halimah,85266011900,Jambi,Infaq Tidak Terikat,IU UMUM,,TF Mandiri 6777,200000,,,ADI
04156,1/3/2025,Putra Najuantah,81274664939,Kotabaru,Infaq Tidak Terikat,IU UMUM,,TF BSI 1972,50000,,,ADI
04157,1/3/2025,Imam Arifin,85266136599,Purnama,Zakat Profesi,,Penghasilan,TF BCA 5393,175000,,,ADI
04158,1/3/2025,Dewi,81274561651,Jambi,Infaq Tidak Terikat,IU UMUM,,TF BSI 1809,50000,,,ADI
04159,1/3/2025,Faridah Suryaningsih,85266050013,Alam Barajo,Infaq Tidak Terikat,IU UMUM,,TF BCA 5393,500000,,,ADI
04160,1/3/2025,Miftah Mukarromah,82279581413,Pasir Putih,Infaq Tidak Terikat,IU UMUM,,TF BSI 1630,50000,,,ADI
04161,1/3/2025,Fahrina Diniyati,81366141999,Thehok,Infaq Terikat,IK ASRAMA YATIM DHUAFA,,TF BSI 1809,1000000,,,ADI
04162,1/3/2025,Isat Rus,,Qatar,Infaq Tidak Terikat,IU UMUM,,TF BSI 6573,100000,,,ADI
04163,1/3/2025,Mutia Kartikasari,8127418574,Alam Barajo,Zakat Profesi,,Profesi,TF BSI 6573,350000,,,ADI
04164,1/3/2025,Dewi Ariska,82282896580,Kumpeh,Infaq Tidak Terikat,IU UMUM,,TF BSI 1630,20000,,,ADI
04166,1/4/2025,Febriani,85377459362,Kumpeh,Infaq Tidak Terikat,IU UMUM,,TF BSI 1630,200000,,,ADI
04167,1/6/2025,Tati Maryati,81366198616,Jambi,Infaq Tidak Terikat,IU UMUM,,TF BSI 1809,100000,,,ADI
04168,1/7/2025,Teti Heriyani,85368620348,Sipin,Infaq Tidak Terikat,IU UMUM,,TF BSI 1630,500000,,,ADI
03718,1/7/2025,Yani,,Simpang III Sipin,Infaq Tidak Terikat,IU UMUM,,TF BSI 1630,200000,,,TANTI
04502,1/7/2025,Kamaria,85788747848,Perumnas Kotabaru,40300001 Penerimaan DSKL Fidyah,DSKL FIDYAH,,Tunai,750000,,,JOKO
03955,1/7/2025,Gita Kartika,81806886019,Kel. Thehok,Zakat Profesi,,Profesi,TF BCA 5393,500000,,,HENDRA
03956,1/7/2025,Deta Wijaya,81351529879,Alam Barajo,Zakat Profesi,,Profesi,TF Mandiri 6777,516000,,,HENDRA
03957,1/7/2025,Didiet P,85380638083,Telanai,Zakat Maal,,Maal,TF BCA 5393,2000000,,,HENDRA
03958,1/7/2025,Tanty Harvianty,82371518505,Mayang Magurai,Infaq Tidak Terikat,IU UMUM,,TF Mandiri 6777,500000,,,HENDRA
03959,1/7/2025,Cici Lianopita,85266282001,Tanjung Pinang,Infaq Tidak Terikat,IU UMUM,,TF BSI 1630,300000,,,HENDRA
03962,1/7/2025,Nurdiyati,81367731569,Pasir Putih,Infaq Tidak Terikat,IU UMUM,,TF Mandiri 6777,300000,,,HENDRA
04359,1/8/2025,Alm. M.Yunus,,Marene,Infaq Terikat,IK SANTUNAN ANAK DHUAFA,anak yatim ( Kencleng),Tunai,200000,,,SRI
04172,1/9/2025,Vico Delvia,81319322385,Telanai Pura,Infaq Tidak Terikat,IU UMUM,,TF Muamalat 1472,327380,,,ADI
04360,1/9/2025,Tri Firandari,,Jambi,Infaq Tidak Terikat,IU UMUM,,TF Mandiri 6777,100000,,,FUJI
04361,1/9/2025,KMS Muhammad Syafi'i,,Jambi,Infaq Terikat,IK ASRAMA YATIM DHUAFA,,TF BSI 6368,150000,,,FUJI
04362,1/9/2025,Wisnu,,Jambi,Infaq Tidak Terikat,IU UMUM,,TF BCA 5393,50000,,,FUJI
04363,1/9/2025,Desi Aditya Ias,,Jerambah Bolong,Infaq Tidak Terikat,IU UMUM,,TF BSI 6368,50000,,,SRI
04364,1/9/2025,Desi Aditya Ias,,Jerambah Bolong,Infaq Tidak Terikat,IU UMUM,,TF BSI 6368,50000,,,SRI
04365,1/9/2025,Desi Aditya Ias,,Jerambah Bolong,Infaq Tidak Terikat,IU UMUM,,TF BSI 6368,50000,,,SRI
03720,1/10/2025,Suhadi,,RT. Tangkit,Infaq Terikat,IK SANTUNAN ANAK DHUAFA,anak yatim,Tunai,100000,,,ZULI
04547,1/10/2025,Kartika Mustofa ,,,DSKL (Dana Sosial Keagamaan Lainnya),DSKL NAZAR,Nazar,TF BSI 1630,3200000,,,MIRDA
04052,1/10/2025,Nur Hasanah,,Riau,Infaq Tidak Terikat,IU UMUM,spp jan- mei 25,Tunai,400000,,,MASYHUDA
04053,1/10/2025,Cindy Claudia,,Ma. Jambi,Infaq Tidak Terikat,IU UMUM,spp Jan 25,Tunai,80000,,,MASYHUDA
04054,1/10/2025,Nur Syifa,,Tanjab Timur,Infaq Tidak Terikat,IU UMUM,spp jan- mar 25,Tunai,240000,,,MASYHUDA
04055,1/10/2025,Tiara Humairoh,,"Senaung, Ma. Jambi",Infaq Tidak Terikat,IU UMUM,"spp Feb, Mar 25",Tunai,160000,,,MASYHUDA
04056,1/10/2025,Silva,,"Sengeti, Ma. Jambi",Infaq Tidak Terikat,IU UMUM,spp jan - mar 25,Tunai,240000,,,MASYHUDA
04057,1/10/2025,Inggrit Okta Bella,,Paal Merah,Infaq Tidak Terikat,IU UMUM,Kontibusi Des 24,Tunai,37500,,,MASYHUDA
04058,1/10/2025,Gusriana,,Ma. Bulian,Infaq Tidak Terikat,IU UMUM,spp jan - mar 25,Tunai,240000,,,MASYHUDA
03719,1/10/2025,Widya Fuji Astuti,82177720711,Arizona,Zakat Profesi,,Penghasilan,TF Mandiri 6777,120000,,,ZULI
03626,1/10/2025,Dinda Latifa,82196616606,Jambi,Infaq Tidak Terikat,IU UMUM,spp Des 24,Tunai,500000,,,TANTI
03627,1/10/2025,Nifa,82371424474,Jambi,Infaq Tidak Terikat,IU UMUM,,Tunai,45000,,,TANTI
03628,1/10/2025,Nurkholifah,85377828740,Jambi,Infaq Tidak Terikat,IU UMUM,,Tunai,500000,,,TANTI
03629,1/10/2025,Fatimah,85266671702,Jambi,Infaq Tidak Terikat,IU UMUM,,Tunai,5000,,,TANTI
03630,1/10/2025,Rizka Lova,85230632385,Kota Jambi,Infaq Tidak Terikat,IU UMUM,,Tunai,150000,,,TANTI
03631,1/10/2025,Az Zahra,85357664425,Kota Jambi,Infaq Tidak Terikat,IU UMUM,,Tunai,65000,,,TANTI
03632,1/10/2025,Sakinah,82269917412,Kota Jambi,Infaq Tidak Terikat,IU UMUM,,Tunai,100000,,,TANTI
03633,1/10/2025,Keyla Khairunnisa,81279967158,Kota Jambi,Infaq Tidak Terikat,IU UMUM,,Tunai,115000,,,TANTI
03634,1/10/2025,Salsabilah,82376365967,Jambi,Infaq Tidak Terikat,IU UMUM,,Tunai,100000,,,TANTI
04366,1/10/2025,Sevi Sawestri,,Palembang,Zakat Profesi,,Penghasilan,TF BSI 6573,300000,,,SRI
04367,1/10/2025,Riki,,Palembang,Zakat Profesi,,Penghasilan,TF BSI 6573,150000,,,SRI
04368,1/10/2025,Gatot,,Jakarta,Infaq Tidak Terikat,IU UMUM,,TF BSI 6573,100000,,,SRI
04369,1/10/2025,Suratman,,Jambi,Infaq Tidak Terikat,IU UMUM,,TF BSI 6573,100000,,,SRI
03875,1/13/2025,Sabli,,Paal Merah,Infaq Terikat,IK SANTUNAN ANAK DHUAFA,anak yatim,Tunai,335000,,,HENDRA
04173,1/13/2025,Fitri,85144387510,Simpang Kawat,Donasi Logistik/Barang,,Nasi 30 box,Tunai,300000,BR NASI/MAKANAN," Rp 300,000 ",ADI
04174,1/13/2025,Fitri,,Simpang Kawat,Donasi Logistik/Barang,,Kue 100 pcs,Tunai,100000,BR KUE," Rp 100,000 ",ADI
04175,1/13/2025,Surya Atma,81274041881,Pasir Putih,Zakat Profesi,,Profesi,TF BSI 1809,2500000,,,ADI
,1/13/2025,Surya Atma,,,Infaq Tidak Terikat,IU UMUM,,TF BSI 1809,1000000,,,ADI
04176,1/13/2025,Nurmala,81217908844,Bakung Jaya,Infaq Tidak Terikat,IU UMUM,,TF BCA 5393,50000,,,ADI
04177,1/13/2025,Astuti Prihatinigsih,81366792466,Ma. Tebo,Infaq Tidak Terikat,IU UMUM,,TF BSI 6573,100000,,,ADI
04178,1/13/2025,Rudianto,85145045017,Kalimantan Barat,Infaq Tidak Terikat,IU UMUM,,TF BSI 1809,100000,,,ADI
04179,1/13/2025,Maryadi,85228452282,Jambi,Infaq Tidak Terikat,IU UMUM,,TF BCA 5393,100000,,,ADI
04180,1/13/2025,Vera,81274778588,Jambi,Infaq Tidak Terikat,IU UMUM,,TF BSI 1809,50000,,,ADI
04181,1/13/2025,Arifin Kho,82176568998,Pasir Putih,Infaq Tidak Terikat,IU UMUM,,TF BSI 6573,100000,,,ADI
04182,1/13/2025,Kukuh Matsaul Sabib,82280862141,Bayung Lincir,Infaq Tidak Terikat,IU UMUM,,TF BSI 1809,50000,,,ADI
04183,1/13/2025,Faridah Suryaningsih,85266050013,Alam Barajo,Infaq Tidak Terikat,IU UMUM,,TF BCA 5393,500000,,,ADI
04184,1/13/2025,Failasofah,8122413132,Jambi,Zakat Profesi,,Profesi,TF BSI 1809,500000,,,ADI
04185,1/13/2025,Winda Nofriana,85266401021,Seberang,Donasi Logistik/Barang,,Beras 10 kg,Tunai,140000,BR SEMBAKO," Rp 140,000 ",ADI
04186,1/13/2025,Anita,82183313598,Mendahara,Infaq Terikat,IK ASRAMA YATIM DHUAFA,asrama,TF BSI 1809,100000,,,ADI
04187,1/13/2025,Mildaerizanti,82325392787,Kotabaru,Zakat Profesi,,Profesi,TF BSI 1630,150000,,,ADI
,1/13/2025,Mildaerizanti,,,Infaq Tidak Terikat,IU UMUM,,TF BSI 1630,50000,,,ADI
04188,1/13/2025,Dewi Ariska,82282896580,Kumpeh,Infaq Tidak Terikat,IU UMUM,,TF BSI 1630,20000,,,ADI
04189,1/13/2025,Dwi Utaminigsih,85266784965,Kenali Atas,Zakat Profesi,,Penghasilan,TF BSI 1630,200000,,,ADI
03876,1/13/2025,Tawaf Ali,82375554999,Kampung Bugis,Infaq Tidak Terikat,IU UMUM,,TF BCA 5393,200000,,,MIRA
02388,1/14/2025,Eka Wahyuni,85281600323,Talang Bakung,Zakat Profesi,,Penghasilan,TF BSI 6368,1000000,,,MERI
02389,1/14/2025,Devano,82377507036,Tambak Sari RT. 09,Infaq Tidak Terikat,IU UMUM,spp Jan 25,Tunai,60000,,,MERI
03635,1/14/2025,Keyla,,Jambi,Infaq Tidak Terikat,IU UMUM,,Tunai,50000,,,TANTI
03636,1/14/2025,Nada Claudia Clara,87780500924,Simp III Sipin,Infaq Terikat,IK BERBUKA,asrama,TF Mandiri 6777,150000,,,TANTI
03637,1/14/2025,Yosi Ulfasanah,82281817849,Tempino,Infaq Tidak Terikat,IU UMUM,,TF BSI 1809,150000,,,TANTI
03638,1/14/2025,Rahma,85266922754,Simp. Rimbo,Donasi Logistik/Barang,,nasi 80 kotak,Tunai,1760000,BR NASI/MAKANAN," Rp 1,760,000 ",TANTI
04370,1/14/2025,Esther Lidya,,Jambi,Donasi Logistik/Barang,,Mie  gulung 3 dus dan Kecap 12 btl,Tunai,255000,BR SEMBAKO," Rp 255,000 ",JOKO
04371,1/14/2025,Esther Lidya,,,Donasi Logistik/Barang,,Beras 3 kartu 20 kg,Tunai,300000,BR SEMBAKO," Rp 300,000 ",JOKO
04372,1/14/2025,Rully Ramadona,,Paal V,Zakat Maal,,Maal,TF BSI 6368,500000,,,SRI
04059,1/15/2025,Iqlima M,,Ma. Jambi,Infaq Tidak Terikat,IU UMUM,spp Jan 25,Tunai,80000,,,MASYHUDA
04542,1/21/2025,Wildawati,,Nusa Indah II,Infaq Tidak Terikat,IU UMUM,,Tunai,100000,,,MASYHUDA
04060,1/22/2025,Zahara Zaskia,,Legok,Infaq Tidak Terikat,IU UMUM,SPP Jan 25,Tunai,80000,,,MASYHUDA
04001,1/22/2025,Jelita Fitriani,823799291988,Kel. Aur Kenali,Infaq Tidak Terikat,IU UMUM,Jan 25,Tunai,80000,,,MASYHUDA
04002,1/22/2025,Nur Jelita Hanum Siregar,82279856556,Desa Sidomulyo,Infaq Tidak Terikat,IU UMUM,Jan 25,Tunai,80000,,,MASYHUDA
04003,1/22/2025,Sindi Amelia,83194181272,Desa Pulau Betung,Infaq Tidak Terikat,IU UMUM,Jan 25,Tunai,80000,,,MASYHUDA
04004,1/22/2025,Seva Novrianti,82162305462,Desa Tunas Baru,Infaq Tidak Terikat,IU UMUM,Jan 25,Tunai,80000,,,MASYHUDA
04005,1/22/2025,Nurlatifah,83850366360,Kel. Sengeti,Infaq Tidak Terikat,IU UMUM,Jan 25,Tunai,80000,,,MASYHUDA
04006,1/22/2025,Khairun Najwa,88286348678,Kel. Bagan Pete,Infaq Tidak Terikat,IU UMUM,Feb 25,Tunai,800000,,,MASYHUDA
04007,1/22/2025,Syahira Syaffanni,82211249259,Kel. Aur Kenali,Infaq Tidak Terikat,IU UMUM,Jan 25,Tunai,80000,,,MASYHUDA
04008,1/22/2025,Putri Yana,81366166038,Kel. Simpang Rimbo,Infaq Tidak Terikat,IU UMUM,Jan 25,Tunai,80000,,,MASYHUDA
04009,1/22/2025,Faras Novia,81366166038,Kel. Simpang Rimbo,Infaq Tidak Terikat,IU UMUM,Jan 25,Tunai,80000,,,MASYHUDA
04010,1/22/2025,Zazkia Bunga,89614144199,Kel. Rawasari,Infaq Tidak Terikat,IU UMUM,Jan 25,Tunai,80000,,,MASYHUDA
04011,1/22/2025,Aira Rahmadani,82288236762,Kel. Nipah Panjang,Infaq Tidak Terikat,IU UMUM,Jan 25,Tunai,80000,,,MASYHUDA
04012,1/22/2025,Vuan Zendranaya Mirzan,81219236564,Aurduri,Infaq Tidak Terikat,IU UMUM,"Jan, Feb, dan Maret",Tunai,240000,,,MASYHUDA
04548,1/22/2025,Vuan Zendranaya Mirzan,81219236564,Kel. Aur Kenali,Infaq Tidak Terikat,IU UMUM,Jan 25,Tunai,100000,,,MASYHUDA
04549,1/22/2025,Jesika Hajah Pramuja,82214697411,Simpang Rimbo,Infaq Tidak Terikat,IU UMUM,Jan 25,Tunai,80000,,,MASYHUDA
04550,1/22/2025,A. Citra Nike Asmara,82170742641,Aur Kenali,Infaq Tidak Terikat,IU UMUM,Jan 25,Tunai,80000,,,MASYHUDA
04190,1/23/2025,IM Oka Mahaendra,82178597227,Talang Banjar,Zakat Profesi,,Profesi,TF BSI 1630,1000000,,,ADI
04191,1/23/2025,Arifin Kho,82176568998,Pasir Putih,Infaq Tidak Terikat,IU UMUM,,TF BSI 6573,100000,,,ADI
04192,1/23/2025,Dian Malida Ramadhani,81274505075,Kenali Atas,Infaq Tidak Terikat,IU UMUM,,TF BSI 1809,50000,,,SRI
04193,1/23/2025,Faridah Suryaningsih,85266050013,Alam Barajo,Infaq Tidak Terikat,IU UMUM,,TF BCA 5393,500000,,,ADI
04194,1/23/2025,Halimah,85266011900,Jambi,Infaq Tidak Terikat,IU UMUM,,TF Mandiri 6777,100000,,,ADI
04195,1/23/2025,Suci Rahmani Nurita,81273390158,Alam Barajo,Zakat Profesi,,Profesi,TF BSI 6573,80000,,,ADI
04196,1/23/2025,Dewi Ariska,82282896580,Kumpeh,Infaq Tidak Terikat,IU UMUM,,TF BSI 1630,20000,,,ADI
04197,1/23/2025,Emilda Rezka,85378570472,Bungo,Zakat Profesi,,Profesi,TF BSI 1630,275000,,,ADI
04198,1/23/2025,Miftah Mukarromah,82279581413,Pasir Putih,Infaq Tidak Terikat,IU UMUM,,TF BSI 1809,50000,,,ADI
04199,1/23/2025,Mentari,82376357734,Simpang Kawat,Zakat Profesi,,Profesi,TF BSI 6368,100000,,,ADI
04200,1/23/2025,Miftah Mukarromah,82279581413,Pasir Putih,Infaq Tidak Terikat,IU UMUM,,TF BSI 1809,100000,,,ADI
04383,1/23/2025,Mintarsih,85266065545,Jambi,Zakat Profesi,,Penghasilan,TF BCA 5393,300000,,,SRI
04302,1/23/2025,Fitri,85144387510,Paal V,Donasi Logistik/Barang,,Kue 200 pcs,Tunai,200000,BR KUE," Rp 200,000 ",ADI
04051,1/23/2025,Sakinah,82269917412,Kota Jambi,Infaq Tidak Terikat,IU UMUM,Kontribusi,Tunai,50000,,,TANTI
04052,1/23/2025,Kartika,83117682383,Kota Jambi,Infaq Tidak Terikat,IU UMUM,Kontribusi,Tunai,50000,,,TANTI
04053,1/23/2025,Nurul Adzkia,89602808285,Kota Jambi,Infaq Tidak Terikat,IU UMUM,Kontribusi,Tunai,50000,,,TANTI
03639,1/23/2025,Nur Hatifah,82231810695,Kota Jambi,Infaq Tidak Terikat,IU UMUM,Kontribusi,Tunai,50000,,,TANTI
03640,1/23/2025,Agustina Febri,83178500281,Kota Jambi,Infaq Tidak Terikat,IU UMUM,Spp Ok 24,Tunai,700000,,,TANTI
03641,1/23/2025,Dinda Latifa,82196616606,Kota Jambi,Infaq Tidak Terikat,IU UMUM,spp Jan 25,Tunai,500000,,,TANTI
03642,1/23/2025,Dwi Najwa,,Kota Jambi,Infaq Tidak Terikat,IU UMUM,Kontribusi,Tunai,50000,,,TANTI
03643,1/23/2025,Nurul Adzkia,89602808285,Kota Jambi,Infaq Tidak Terikat,IU UMUM,spp Jan 25,Tunai,600000,,,TANTI
04543,1/24/2025,Sindy Amelia,,Pemayung,Infaq Tidak Terikat,IU UMUM,"spp Feb, Mar, Apr 25",Tunai,240000,,,MASYHUDA
04013,1/24/2025,Zakyah Hidayh Harahap,85267015861,Kel. Aur Kenali,Infaq Tidak Terikat,IU UMUM,Jan 25,Tunai,80000,,,MASYHUDA
04014,1/24/2025,Mellisa Nur Fadilah,895622204688,Kel. Beliung,Infaq Tidak Terikat,IU UMUM,"Jan, Feb, Mar, Apr",Tunai,320000,,,MASYHUDA
04015,1/24/2025,Jelita Fitriani,82379291988,Kel. Aur Kenali,Infaq Tidak Terikat,IU UMUM,"Feb, Mar 25",Tunai,160000,,,MASYHUDA
04252,1/24/2025,Suhadi,81274755000,RT. 13 Tangkit,Infaq Terikat,IK SANTUNAN ANAK DHUAFA,anak yatim,Tunai,100000,,,ZULI
03882,1/24/2025,Suhadi,,,Infaq Terikat,IK SANTUNAN ANAK DHUAFA,anak yatim,Tunai,100000,,,ZULI
02390,1/30/2025,Shanum Adzra Nurhadi,8231527717,Jelutung,Infaq Tidak Terikat,IU UMUM,SPP Jan 25,Tunai,60000,,,MERI
02391,1/30/2025,Aqmar Nadhif Yusuf,89628434731,Tambak Sari,Infaq Tidak Terikat,IU UMUM,SPP Jan 25,Tunai,60000,,,MERI
04505,1/30/2025,Fadlawati,,Jambi,Infaq Tidak Terikat,IU UMUM,Kencleng,Tunai,69600,,,SRI
04504,1/30/2025,Apri,,Jambi,Infaq Tidak Terikat,IU UMUM,Kencleng,Tunai,90000,,,SRI
04544,1/31/2025,Keyla Azzahra,,Terusan,Infaq Tidak Terikat,IU UMUM,SPP Jan 25,Tunai,80000,,,MASYHUDA
04016,1/31/2025,Ilham,85184523938,Kenali Besar,Donasi Logistik/Barang,,Nasi 55 bks,Tunai,660000,BR NASI/MAKANAN," Rp 660,000 ",MASYHUDA
04017,1/31/2025,Dwi Nanda Aprilia,89669007836,Desa Muaro Pijoan,Infaq Tidak Terikat,IU UMUM,"spp jan, feb, mar",Tunai,240000,,,MASYHUDA
04018,1/31/2025,Wilda,,Desa Kedotan,Infaq Tidak Terikat,IU UMUM,spp jan 25,Tunai,80000,,,MASYHUDA
04352,1/31/2025,Rendy Dwi Sapta,,,Infaq Tidak Terikat,IU UMUM,,TF Mandiri 6777,100000,,,FUJI
04353,1/31/2025,Anna Fitrina,,,Infaq Tidak Terikat,IU UMUM,,TF BSI 6573,200000,,,KANTOR
04354,1/31/2025,Rusmiati,85279170568,,Zakat Profesi,,Penghasilan,TF BCA 5393,400000,,,ZULI
04355,1/31/2025,Suhadi,81274755000,RT. 13 Desa Tangkit,Infaq Terikat,IK SANTUNAN ANAK DHUAFA,anak yatim,Tunai,100000,,,ZULI
04305,1/31/2025,Fatimah Lubis,8127442553,Mendalo,Infaq Tidak Terikat,IU UMUM,,TF BSI 1630,100000,,,ADI
04306,1/31/2025,Dewi Ariska,82282896580,Kumpeh,Infaq Tidak Terikat,IU UMUM,,TF BSI 1630,20000,,,ADI
04307,1/31/2025,Akta Purwoyanti,85384785284,Eka Jaya,Infaq Terikat,IK ASRAMA YATIM DHUAFA,asrama,TF BCA 5393,50000,,,ADI
04308,1/31/2025,Faridah Suryaningsih,81386275648,Alam Barajo,Infaq Tidak Terikat,IU UMUM,,TF BCA 5393,500000,,,ADI
04509,1/31/2025,Halimah,85266011900,Jambi,Infaq Tidak Terikat,IU UMUM,,TF Mandiri 6777,100000,,,ADI
04310,1/31/2025,Miftah Mukarromah,82279581413,Pasir Putih,Infaq Tidak Terikat,IU UMUM,,TF BSI 6368,100000,,,ADI
04311,1/31/2025,Rini Marlina,85368739555,Paal Merah,Infaq Tidak Terikat,IU UMUM,,TF BSI 6368,50000,,,ADI
04312,1/31/2025,Siti Ropiah,81210296662,Thehok,Infaq Tidak Terikat,IU UMUM,,TF BSI 6573,50000,,,ADI
04313,1/31/2025,Tati Maryati,81366198616,Jambi,Infaq Tidak Terikat,IU UMUM,,TF BSI 6368,50000,,,ADI
04314,1/31/2025,Nani Elyani,85266969614,Jambi,Infaq Tidak Terikat,IU UMUM,,TF BSI 1809,50000,,,ADI
04315,1/31/2025,Teti Heriyani,85368620348,Sipin,Infaq Tidak Terikat,IU UMUM,,TF BSI 1809,100000,,,ADI
04316,1/31/2025,Faridah Suryaningsih,81386275648,Alam Barajo,Infaq Tidak Terikat,IU UMUM,,TF BCA 5393,500000,,,ADI
04317,1/31/2025,Dewi Ariska,82282896580,Kumpeh,Infaq Tidak Terikat,IU UMUM,,TF BSI 1630,20000,,,ADI
04318,1/31/2025,Miftah Mukarromah,82279581413,Pasir Putih,Infaq Tidak Terikat,IU UMUM,,TF BSI 1809,100000,,,ADI
04319,1/31/2025,Machul,82180115050,Bakung Jaya,Infaq Tidak Terikat,IU UMUM,,TF BSI 1809,500000,,,ADI
04320,1/31/2025,M. Ali Mustika,82380400575,Ma. Jambi,Infaq Tidak Terikat,IU UMUM,,TF BSI 1809,200000,,,ADI
04321,1/31/2025,Anne Nofriani,81361351910,Thehok,Infaq Tidak Terikat,IU UMUM,,TF BSI 1809,50000,,,ADI
04322,1/31/2025,Sahara Ariani,82176610603,Palembang,Zakat Profesi,,Penghasilan Januari,TF BSI 6368,212000,,,ADI
04385,1/31/2025,Gatot,81215172265,Jakarta,Infaq Tidak Terikat,IU UMUM,,TF BSI 6573,100000,,,SRI
04386,1/31/2025,Edi Maryanto,81276628821,Jambi,Infaq Tidak Terikat,IU UMUM,,TF BSI 6573,100000,,,SRI
04387,1/31/2025,Basnimar,81276996300,Jambi,Infaq Tidak Terikat,IU UMUM,,TF BSI 6573,100000,,,SRI
04388,1/31/2025,Gemala Anggraini,,Jambi,Infaq Tidak Terikat,IU UMUM,,TF BSI 6573,300000,,,EKA
04389,1/31/2025,Dofi Johansa,8117453482,Jambi,Zakat Profesi,,Penghasilan,TF BSI 6573,440000,,,HENDRA
04390,1/31/2025,Imas Ertati,895621701916,Jambi,Infaq Tidak Terikat,IU UMUM,,TF BSI 6573,100000,,,HENDRA
04391,1/31/2025,Nurmala,81217908844,Jambi,Infaq Tidak Terikat,IU UMUM,,TF BSI 6573,50000,,,ADI
04392,1/31/2025,Juwita Siregar,,Jambi,Infaq Tidak Terikat,IU UMUM,,TF BSI 6573,100000,,,KANTOR
04393,1/31/2025,Hamdi,,Jambi,Infaq Tidak Terikat,IU UMUM,,TF BSI 6573,100000,,,EKA
04394,1/31/2025,Esther Lidya,,Jambi,Infaq Terikat,IK JUMAT BERKAH,,TF BSI 6573,100000,,,JOKO
04395,1/31/2025,Ahmad Dobig,,Palembang,Infaq Tidak Terikat,IU UMUM,,TF BSI 6573,100000,,,HENDRA
04396,1/31/2025,Suci Anaanda,,Jambi,Infaq Tidak Terikat,IU UMUM,,TF BSI 6573,200000,,,SRI
04397,1/31/2025,Abdul Qudus,,Jambi,Infaq Tidak Terikat,IU UMUM,,TF BSI 6573,25000,,,JOKO
04398,1/31/2025,Ozela Rizkia Monita,,Jambi,Infaq Tidak Terikat,IU UMUM,,TF BSI 6573,100000,,,KANTOR
04399,1/31/2025,Siti Ropiah,,Jambi,Infaq Terikat,IK PENGHAFAL QURAN,asrama,TF BSI 6573,100000,,,ADI
04400,1/31/2025,Meily Ika Permata,,Jambi,Infaq Terikat,IK PENGHAFAL QURAN,asrama,TF BSI 6573,100000,,,HENDRA
04510,1/31/2025,Ade Inka,,Ma. Jambi,Infaq Tidak Terikat,IU UMUM,,TF BSI 6573,100000,,,TANTI
04511,1/31/2025,Heru Kuswara,,Jambi,Infaq Tidak Terikat,IU UMUM,,TF BSI 6573,100000,,,ADI
04512,1/31/2025,Aririk Japik,,Jambi,Infaq Tidak Terikat,IU UMUM,,TF BSI 6573,100000,,,JOKO
04513,1/31/2025,Haryati,,,Infaq Tidak Terikat,IU UMUM,,TF BSI 6573,30000,,,KANTOR
04514,1/31/2025,Haryati,,,Infaq Tidak Terikat,IU UMUM,,TF BSI 6573,15000,,,KANTOR
04515,1/31/2025,Hasbi,,,Infaq Tidak Terikat,IU UMUM,,TF BSI 6573,150000,,,KANTOR
04516,1/31/2025,Ahmad Zaidan,,,Infaq Tidak Terikat,IU UMUM,,TF BSI 6573,100000,,,EKA
04517,1/31/2025,Apriadi,,,Infaq Tidak Terikat,IU UMUM,,TF BSI 6573,50000,,,ADI
04518,1/31/2025,Tono Danat,,,Infaq Tidak Terikat,IU UMUM,,TF BSI 6573,100000,,,ADI
04519,1/31/2025,Haryati,,,Infaq Tidak Terikat,IU UMUM,,TF BSI 6573,15000,,,KANTOR
04520,1/31/2025,Wagiso,,,Zakat Profesi,,Profesi,TF BSI 6573,500000,,,HENDRA
04521,1/31/2025,Badarudding,,,Infaq Tidak Terikat,IU UMUM,,TF BSI 6573,150000,,,HENDRA
04522,1/31/2025,Cakra Bravo Satyaneg,,,Infaq Tidak Terikat,IU UMUM,,TF BSI 6573,250000,,,KANTOR
04523,1/31/2025,Gatot,,,Infaq Tidak Terikat,IU UMUM,,TF BSI 6573,100000,,,SRI
04524,1/31/2025,Wulandari Helmarina,,,Infaq Tidak Terikat,IU UMUM,,TF BSI 6573,50000,,,KANTOR
04525,1/31/2025,Harsya Wardhana,,,Infaq Tidak Terikat,IU UMUM,,TF BSI 6573,100000,,,KANTOR
04526,1/31/2025,Esther Lidya,,,Infaq Terikat,IK JUMAT BERKAH,,TF BSI 6573,100000,,,JOKO
04527,1/31/2025,Apriadi,,,Infaq Tidak Terikat,IU UMUM,,TF BSI 6573,50000,,,ADI
04528,1/31/2025,Nuryani,,,Infaq Tidak Terikat,IU UMUM,,TF BSI 6573,65000,,,KANTOR
04529,1/31/2025,Mufidah,,,Infaq Terikat,IK SANTUNAN ANAK DHUAFA,anak yatim,TF BSI 6573,50000,,,ADI
04530,1/31/2025,Reisa Vataya Nazar,,,Infaq Tidak Terikat,IU UMUM,,TF BSI 6573,100000,,,KANTOR
04531,1/31/2025,Desmarini,,,Infaq Terikat,IK PENGHAFAL QURAN,asrama,TF BSI 6573,150000,,,SRI
04532,1/31/2025,Basnimar,,,Infaq Tidak Terikat,IU UMUM,,TF BSI 6573,50000,,,SRI
04533,1/31/2025,Esther Lidya,,,Infaq Terikat,IK ASRAMA YATIM DHUAFA,beli buah,TF BSI 6573,50000,,,JOKO
04534,1/31/2025,Ariadi,,,Infaq Tidak Terikat,IU UMUM,,TF BSI 6573,50000,,,ADI
04535,1/31/2025,Arifin Kho,,,Infaq Terikat,IK JUMAT BERKAH,,TF BSI 6573,100000,,,ADI
04536,1/31/2025,Gatot,,,Infaq Tidak Terikat,IU UMUM,,TF BSI 6573,100000,,,SRI
04538,1/31/2025,Gatot,,,Infaq Tidak Terikat,IU UMUM,,TF BSI 6573,100000,,,SRI
04539,1/31/2025,Ressa Keke Widiyanti,,,Infaq Tidak Terikat,IU UMUM,,TF BSI 6573,50000,,,KANTOR
04540,1/31/2025,Muliana,,,Infaq Tidak Terikat,IU UMUM,,TF BSI 6573,100000,,,KANTOR
04541,1/31/2025,Nadia Mayang Sari,,,Infaq Tidak Terikat,IU UMUM,,TF BSI 6573,50000,,,TANTI
04542,1/31/2025,Desi Aditya Ias,,Jerambah Bolong,Infaq Tidak Terikat,IU UMUM,,TF Muamalat 7496,100000,,,SRI
04543,1/31/2025,DR. Hj. Dini Silvia,,,Zakat Profesi,,Penghasilan,TF Muamalat 7496,250000,,,KANTOR
04544,1/31/2025,Edy Putra Irawady,,Jambi,Infaq Tidak Terikat,IU UMUM,,TF Mandiri 6777,100000,,,KANTOR
04545,1/31/2025,Tiara Kirana Gita,,Jambi,Infaq Tidak Terikat,IU UMUM,,TF Mandiri 6777,150000,,,FUJI
04546,1/31/2025,Tegu Ramdhani,,Jambi,Infaq Tidak Terikat,IU UMUM,,TF Mandiri 6777,100000,,,SRI
04547,1/31/2025,Syartila Dewi Syam,,Jambi,Infaq Terikat,IK JUMAT BERKAH,,TF Mandiri 6777,200000,,,SRI
04548,1/31/2025,Vivi Yarti,,Jambi,Infaq Tidak Terikat,IU UMUM,Kemanusiaan,TF Mandiri 6777,500000,,,JOKO
04550,1/31/2025,Dwi Kasiadi,,,Infaq Tidak Terikat,IU UMUM,,TF Mandiri 6777,160000,,,ADI
04551,1/31/2025,Gemala Anggraini,,,Infaq Tidak Terikat,IU UMUM,,TF Mandiri 6777,200000,,,EKA
04552,1/31/2025,Edy Putra Irawady,,,Infaq Terikat,IK SANTUNAN ANAK DHUAFA,anak yatim,TF Mandiri 6777,100000,,,KANTOR
04553,1/31/2025,Herlis Herawati,,,Infaq Terikat,IK SANTUNAN ANAK DHUAFA,anak yatim,TF Mandiri 6777,300000,,,HENDRA
04554,1/31/2025,Tanty Harvianty,,,Infaq Terikat,IK JUMAT BERKAH,,TF Mandiri 6777,500000,,,HENDRA
04555,1/31/2025,Ridwan,,,Infaq Tidak Terikat,IU UMUM,,TF Mandiri 6777,100000,,,DADANG
04556,1/31/2025,M. Fajri Ramdhani,,,Infaq Tidak Terikat,IU UMUM,,TF Mandiri 6777,1501,,,KANTOR
04558,1/31/2025,Edy Putra Irawady,,,Infaq Tidak Terikat,IU UMUM,,TF Mandiri 6777,100000,,,KANTOR
04559,1/31/2025,Tanty Harvianty,,,Infaq Tidak Terikat,IU UMUM,,TF Mandiri 6777,500000,,,HENDRA
04560,1/31/2025,Ridwan,,,Infaq Tidak Terikat,IU UMUM,,TF Mandiri 6777,50000,,,DADANG
04561,1/31/2025,Surya Darni,,,Zakat Profesi,,Penghasilan,TF Mandiri 6777,100000,,,SRI
04562,1/31/2025,Surya Darni,,,Infaq Tidak Terikat,IU UMUM,,TF Mandiri 6777,150000,,,SRI
04563,1/31/2025,Dindi Eneng,,,Zakat Profesi,,Penghasilan,TF Mandiri 6777,3000000,,,KANTOR
04564,1/31/2025,Edy Putra Irawady,,,Infaq Tidak Terikat,IU UMUM,,TF Mandiri 6777,100000,,,KANTOR
04565,1/31/2025,Ridwan,,,Infaq Tidak Terikat,IU UMUM,,TF Mandiri 6777,50000,,,DADANG
04566,1/31/2025,Lia Rahmi Aida,,,Infaq Tidak Terikat,IU UMUM,,TF Mandiri 6777,500000,,,SRI
04567,1/31/2025,Zainal Arfin,,,Infaq Tidak Terikat,IU UMUM,,TF Mandiri 6777,200000,,,HENDRA
04568,1/31/2025,Tanty Harvianty,,,Infaq Tidak Terikat,IU UMUM,,TF Mandiri 6777,500000,,,HENDRA
04569,1/31/2025,Deta Wijaya,,,Zakat Profesi,,Profesi,TF Mandiri 6777,500000,,,HENDRA
04571,1/31/2025,Edy Putra Irawady,,,Infaq Tidak Terikat,IU UMUM,,TF Mandiri 6777,100000,,,KANTOR
04572,1/31/2025,Tanty Harvianty,,,Infaq Tidak Terikat,IU UMUM,,TF Mandiri 6777,500000,,,HENDRA
04573,1/31/2025,Ridwan,,,Infaq Tidak Terikat,IU UMUM,,TF Mandiri 6777,100000,,,DADANG
04574,1/31/2025,Itmawati,,,Zakat Profesi,,Zakat Kantor Des,TF Mandiri 6777,500000,,,HENDRA
04575,1/31/2025,Alamsyah,,,Infaq Tidak Terikat,IU UMUM,,TF BNI 9073,500000,,,FUJI
04576,1/31/2025,Apriadi,,,Infaq Tidak Terikat,IU UMUM,,TF BCA 5393,100000,,,ADI
04577,1/31/2025,Reisa Vataya Nazar,,,Infaq Tidak Terikat,IU UMUM,,TF BCA 5393,50000,,,KANTOR
04578,1/31/2025,Febby Kassandra,,,Infaq Tidak Terikat,IU UMUM,,TF BCA 5393,200000,,,KANTOR
04579,1/31/2025,Megawati,,,Infaq Tidak Terikat,IU UMUM,,TF BCA 5393,100000,,,SRI
04580,1/31/2025,Ade Rahayu,,,Zakat Profesi,,Profesi,TF BCA 5393,150000,,,HENDRA
04581,1/31/2025,Desmayani,,,Infaq Tidak Terikat,IU UMUM,,TF BCA 5393,200000,,,HENDRA
04582,1/31/2025,Noviola Ayu D,,,Infaq Tidak Terikat,IU UMUM,,TF BCA 5393,100000,,,HENDRA
04583,1/31/2025,Repelita Witri,,,Infaq Tidak Terikat,IU UMUM,,TF BCA 5393,200000,,,HENDRA
04585,1/31/2025,Putri Adfita Sari,,,Infaq Tidak Terikat,IU UMUM,,TF BCA 5393,200000,,,HENDRA
04587,1/31/2025,Nurdiana,,,Infaq Tidak Terikat,IU UMUM,,TF BCA 5393,200000,,,HENDRA
04588,1/31/2025,Vindi Astari,,,Infaq Tidak Terikat,,,TF BCA 5393,100000,,,HENDRA
04589,1/31/2025,Anggi Agnesia,,,Infaq Terikat,IK SANTUNAN ANAK DHUAFA,anak yatim,TF BCA 5393,150000,,,SRI
04590,1/31/2025,Wisnu,,,Infaq Tidak Terikat,IU UMUM,,TF BCA 5393,100000,,,FUJI
04591,1/31/2025,Gita Kartika Desi,,,Zakat Profesi,,Profesi,TF BCA 5393,1000000,,,HENDRA
04592,1/31/2025,Dwi Sasongko,,,Zakat Profesi,,Profesi,TF BCA 5393,150000,,,TIARA
04593,1/31/2025,Nunung S,,,Infaq Tidak Terikat,IU UMUM,,TF BCA 5393,150000,,,SRI
04594,1/31/2025,Ade Inka,,,Infaq Tidak Terikat,IU UMUM,,TF BCA 5393,100000,,,TANTI
04595,1/31/2025,Dwi Puja Kesuma,,,Zakat Profesi,,Penghasilan,TF BCA 5393,1000000,,,JOKO
04596,1/31/2025,Rusmiati,,,Zakat Profesi,,Penghasilan,TF BCA 5393,300000,,,ZULI
04597,1/31/2025,Sri Hidayati,,,Infaq Tidak Terikat,IU UMUM,,TF BCA 5393,50000,,,ADI
04598,1/31/2025,Endang Wijaya,,,Zakat Profesi,,Penghasilan,TF BCA 5393,500000,,,SRI
04599,1/31/2025,Ferdy SH,,,Infaq Tidak Terikat,IU UMUM,,TF BCA 5393,50000,,,JOKO
04663,1/31/2025,Endang Abdul Naser,,,Infaq Tidak Terikat,IU UMUM,,TF BCA 5393,100000,,,KANTOR
04600,1/31/2025,Siginjai Kurnia,,,Infaq Tidak Terikat,IU UMUM,,TF BCA 5393,100000,,,KANTOR
04601,1/31/2025,Fahrurrozi,,,Zakat Profesi,,Penghasilan,TF BCA 5393,250000,,,HENDRA
04602,1/31/2025,Mugtadir Alam,,,Infaq Tidak Terikat,IU UMUM,,TF BCA 5393,100000,,,ADI
04603,1/31/2025,Nurmala,,,Infaq Tidak Terikat,IU UMUM,,TF BCA 5393,50000,,,ADI
04604,1/31/2025,Hasanudin,,,Infaq Tidak Terikat,IU UMUM,,TF BCA 5393,10000,,,SRI
04605,1/31/2025,Andi Tirta,,,Infaq Tidak Terikat,IU UMUM,,TF BCA 5393,50000,,,HENDRA
04606,1/31/2025,Ferdy SH,,,Infaq Tidak Terikat,IU UMUM,,TF BCA 5393,10000,,,JOKO
04607,1/31/2025,Ferdy SH,,,Infaq Tidak Terikat,IU UMUM,,TF BCA 5393,10000,,,JOKO
04608,1/31/2025,Ferdy SH,,,Infaq Tidak Terikat,IU UMUM,,TF BCA 5393,10000,,,JOKO
04609,1/31/2025,Ferdy SH,,,Infaq Tidak Terikat,IU UMUM,,TF BCA 5393,10000,,,JOKO
04610,1/31/2025,Ferdy SH,,,Infaq Tidak Terikat,IU UMUM,,TF BCA 5393,10000,,,JOKO
04611,1/31/2025,Ferdy SH,,,Infaq Tidak Terikat,IU UMUM,,TF BCA 5393,10000,,,JOKO
04612,1/31/2025,Ferdy SH,,,Infaq Tidak Terikat,IU UMUM,,TF BCA 5393,10000,,,JOKO
04613,1/31/2025,Fedy SH,,,Infaq Tidak Terikat,IU UMUM,,TF BCA 5393,130000,,,JOKO
04614,1/31/2025,Dina Sianosari,,,Infaq Tidak Terikat,IU UMUM,,TF BSI 1972,1000,,,KANTOR
04616,1/31/2025,Rita Asma,,,Infaq Tidak Terikat,IU UMUM,,TF BSI 1809,250000,,,MIRDA
04617,1/31/2025,Yogi Supiarman,,,Infaq Tidak Terikat,IU UMUM,,TF BSI 1809,100000,,,KANTOR
04619,1/31/2025,Popy Agustin Danap,,,Infaq Tidak Terikat,IU UMUM,,TF BSI 1809,65000,,,KANTOR
04620,1/31/2025,Lili Evelin,,,Infaq Tidak Terikat,IU UMUM,,TF BSI 1809,300000,,,KANTOR
04621,1/31/2025,Yulianti,,,Infaq Tidak Terikat,IU UMUM,,TF BSI 1809,300000,,,ADI
04622,1/31/2025,Farris Midonsa,,,Infaq Tidak Terikat,IU UMUM,,TF BSI 1809,50000,,,KANTOR
04623,1/31/2025,Cici Lianopita,,,Infaq Terikat,IK SEMBAKO ASRAMA,,TF BSI 1809,100000,,,HENDRA
04624,1/31/2025,Alvary Norindra,,,Infaq Terikat,IK SEMBAKO ASRAMA,,TF BSI 1809,200000,,,HENDRA
04625,1/31/2025,Imadudin,,,Infaq Terikat,IK ASRAMA YATIM DHUAFA,,TF BSI 1809,1000000,,,HENDRA
04626,1/31/2025,Ermita,,,Infaq Terikat,IK PALESTINA,,TF BSI 1809,150000,,,HENDRA
04627,1/31/2025,Kiki Fatmawati,,,Infaq Terikat,IK SANTUNAN ANAK DHUAFA,anak yatim,TF BSI 1809,150000,,,ZULI
04628,1/31/2025,Dedi Surya Pratama,,,Infaq Tidak Terikat,IU UMUM,,TF BSI 1809,50000,,,KANTOR
04629,1/31/2025,Ermita,,,Infaq Terikat,IK PALESTINA,,TF BSI 1809,75000,,,HENDRA
04630,1/31/2025,Nurul Hakiki,,,Zakat Profesi,,Profesi,TF BSI 6368,250000,,,SRI
04631,1/31/2025,Shinta Karolin,,,Infaq Tidak Terikat,IU UMUM,,TF BSI 6368,25000,,,KANTOR
04632,1/31/2025,Dedi,,,Infaq Tidak Terikat,IU UMUM,,TF BSI 6368,200000,,,EKA
04633,1/31/2025,Hamdi,,,Infaq Tidak Terikat,IU UMUM,,TF BSI 6368,100000,,,EKA
04634,1/31/2025,Aririk Japik,,,Infaq Tidak Terikat,IU UMUM,,TF BSI 6368,100000,,,JOKO
04635,1/31/2025,Anisa,,,Infaq Tidak Terikat,IU UMUM,,TF BSI 6368,100000,,,KANTOR
04636,1/31/2025,Putri Wahyuningsih,,,Infaq Tidak Terikat,IU UMUM,,TF BSI 6368,500000,,,KANTOR
04637,1/31/2025,Desi Aditya Ias,,,Infaq Tidak Terikat,IU UMUM,,TF BSI 6368,100000,,,SRI
04638,1/31/2025,Suwardi,,,Zakat Profesi,,Penghasilan,TF BSI 6368,425000,,,JOKO
04639,1/31/2025,Shinta Karolin,,,Infaq Tidak Terikat,IU UMUM,,TF BSI 6368,50000,,,KANTOR
04640,1/31/2025,Fama Aprilia,,,Infaq Tidak Terikat,IU UMUM,,TF BSI 6368,100000,,,SRI
04642,1/31/2025,Hamdi,,,Infaq Tidak Terikat,IU UMUM,,TF BSI 6368,50000,,,EKA
04643,1/31/2025,Fajra Pilohima,,,Infaq Tidak Terikat,IU UMUM,,TF BSI 6368,50000,,,KANTOR
04644,1/31/2025,Nadia Mayang Sari,,,Infaq Tidak Terikat,IU UMUM,,TF BSI 6368,50000,,,TANTI
04645,1/31/2025,Desi Aditya Ias,,,Infaq Tidak Terikat,IU UMUM,,TF BSI 6368,50000,,,SRI
04646,1/31/2025,Musolih,,,Infaq Tidak Terikat,IU UMUM,,TF BSI 6368,100000,,,HENDRA
04647,1/31/2025,Ahmad Dobig,,,Infaq Tidak Terikat,IU UMUM,,TF BSI 6368,50000,,,HENDRA
04648,1/31/2025,Dui Febriantoni,,,Infaq Tidak Terikat,IU UMUM,,TF BSI 6368,50000,,,HENDRA
04649,1/31/2025,Winda Yuni Safera,,,Infaq Tidak Terikat,IU UMUM,,TF BSI 1630,50000,,,KANTOR
04650,1/31/2025,Dinda Pebrita A,,,Zakat Profesi,,Profesi,TF BSI 1630,310000,,,JOKO
04651,1/31/2025,Rethna Hessie,,,Infaq Tidak Terikat,IU UMUM,,TF BSI 1630,10000,,,FUJI
04652,1/31/2025,Dwi Puji Anggara P,,,Zakat Profesi,,Penghasilan,TF BSI 1630,231190,,,HAINI
04653,1/31/2025,Dian Fitri,,,Infaq Tidak Terikat,IU UMUM,,TF BSI 1630,250000,,,HENDRA
04654,1/31/2025,Dwi Puji Anggara P,,,Zakat Profesi,,Penghasilan,TF BSI 1630,138385,,,HAINI
04656,1/31/2025,Raden Heru Saputra,,,Infaq Tidak Terikat,IU UMUM,,TF BSI 1630,25000,,,KANTOR
04657,1/31/2025,Yose Surya Saputra,,,Infaq Tidak Terikat,IU UMUM,,TF BSI 1630,775,,,KANTOR
04659,1/31/2025,Dini,,,Infaq Tidak Terikat,IU UMUM,,TF BSI 6573,100000,,,SRI
04660,1/31/2025,Deta Wijaya,,,Infaq Tidak Terikat,IU UMUM,,TF Mandiri 6777,25300000,,,HENDRA
,1/31/2025,Hasrinaldi,,,Donasi Logistik/Barang,,Kipas Angin 2 buah,Tunai,500000,BR ASET," Rp 500,000 ",HENDRA