tanggal_penyaluran,nama_program,jumlah_dana,lokasi_penyaluran,keterangan
07/01/2025,Penyaluran Langsung,650000,,Penyaluran langsung
13/01/2025,Penyaluran Langsung,100000,ke asrama,Penyaluran langsung
13/01/2025,Penyaluran Langsung,300000,,Penyaluran langsung
13/01/2025,Penyaluran Langsung,100000,,Penyaluran langsung
13/01/2025,Penyaluran Langsung,140000,ke persediaan,Penyaluran langsung
14/01/2025,Penyaluran Langsung,1760000,ke asrama,Penyaluran langsung
14/01/2025,Penyaluran Langsung,255000,ke persediaan,Penyaluran langsung
14/01/2025,Penyaluran Langsung,300000,ke persediaan,Penyaluran langsung
23/01/2025,Penyaluran Langsung,200000,ke asrama,Penyaluran langsung
31/01/2025,Penyaluran Langsung,660000,,Penyaluran langsung
31/01/2025,Penyaluran Langsung,500000,ke bagian aset,Penyaluran langsung
