nomor_transaksi_unik,tanggal_donasi,donatur_id,jenis_donasi_id,via,jumlah,keterangan,fundraiser
04553,2025-01-31,Hamba Allah,Infaq Terikat,TF BSI 6573,517521,IK ASRAMA YATIM,KANTOR
04557,2025-01-31,Hamba Allah,Infaq,TF BSI 6573,50000,Donasi atas nama Hamba Allah,KANTOR  
04570,2025-01-31,Hamba Allah,Infaq,TF BSI 6573,100000,Donasi atas nama Hamba Allah,KANTOR
04573,2025-01-31,Hamba Allah,Infaq Terikat,TF BSI 6573,200000,IK BEASISWA KULIAH,KANTOR
04576,2025-01-31,Hamba Allah,Zakat Profesi,TF Mandiri 6777,1500000,Zakat profesi bulan Januari,KANTOR
04584,2025-01-31,Hamba Allah,Infaq,TF BSI 1630,75000,Donasi atas nama Hamba Allah,KANTOR
04599,2025-01-31,Hamba Allah,Infaq Terikat,TF BSI 6573,350000,IK BANTUAN OPERASIONAL MASJID,KANTOR
04615,2025-01-31,Hamba Allah,Infaq,TF BSI 6573,25000,Donasi atas nama Hamba Allah,KANTOR
04618,2025-01-31,Hamba Allah,Infaq,TF BSI 6573,150000,Donasi atas nama Hamba Allah,KANTOR
04622,2025-01-31,Hamba Allah,Infaq Terikat,TF BSI 6573,250000,IK BANTUAN KELUARGA DHUAFA,KANTOR
04641,2025-01-31,Hamba Allah,Infaq,TF BSI 6573,80000,Donasi atas nama Hamba Allah,KANTOR
04656,2025-01-31,Hamba Allah,Infaq Tidak Terikat,TF Mandiri 6777,300000,Infaq untuk kegiatan yayasan,KANTOR
04672,2025-01-31,Hamba Allah,Infaq Terikat,TF BSI 1630,200000,IK BANTUAN ANAK YATIM,KANTOR
04688,2025-01-31,Hamba Allah,Infaq,TF BSI 6573,40000,Donasi atas nama Hamba Allah,KANTOR
